-- MySQL dump 10.13  Distrib 5.6.12, for osx10.7 (x86_64)
--
-- Host: localhost    Database: introkick_db
-- ------------------------------------------------------
-- Server version	5.6.12

/*!40101 SET @OLD_CHARACTER_SET_CLIENT=@@CHARACTER_SET_CLIENT */;
/*!40101 SET @OLD_CHARACTER_SET_RESULTS=@@CHARACTER_SET_RESULTS */;
/*!40101 SET @OLD_COLLATION_CONNECTION=@@COLLATION_CONNECTION */;
/*!40101 SET NAMES utf8 */;
/*!40103 SET @OLD_TIME_ZONE=@@TIME_ZONE */;
/*!40103 SET TIME_ZONE='+00:00' */;
/*!40014 SET @OLD_UNIQUE_CHECKS=@@UNIQUE_CHECKS, UNIQUE_CHECKS=0 */;
/*!40014 SET @OLD_FOREIGN_KEY_CHECKS=@@FOREIGN_KEY_CHECKS, FOREIGN_KEY_CHECKS=0 */;
/*!40101 SET @OLD_SQL_MODE=@@SQL_MODE, SQL_MODE='NO_AUTO_VALUE_ON_ZERO' */;
/*!40111 SET @OLD_SQL_NOTES=@@SQL_NOTES, SQL_NOTES=0 */;

--
-- Table structure for table `auth_group`
--

DROP TABLE IF EXISTS `auth_group`;
/*!40101 SET @saved_cs_client     = @@character_set_client */;
/*!40101 SET character_set_client = utf8 */;
CREATE TABLE `auth_group` (
  `id` int(11) NOT NULL AUTO_INCREMENT,
  `name` varchar(80) COLLATE utf8_unicode_ci NOT NULL,
  PRIMARY KEY (`id`),
  UNIQUE KEY `name` (`name`)
) ENGINE=InnoDB AUTO_INCREMENT=4 DEFAULT CHARSET=utf8 COLLATE=utf8_unicode_ci;
/*!40101 SET character_set_client = @saved_cs_client */;

--
-- Dumping data for table `auth_group`
--

LOCK TABLES `auth_group` WRITE;
/*!40000 ALTER TABLE `auth_group` DISABLE KEYS */;
INSERT INTO `auth_group` VALUES (1,'Andrew Chen\'s 1st degree connections'),(3,'Drew Chen\'s 1st degree connections'),(2,'sirchen group');
/*!40000 ALTER TABLE `auth_group` ENABLE KEYS */;
UNLOCK TABLES;

--
-- Table structure for table `auth_group_permissions`
--

DROP TABLE IF EXISTS `auth_group_permissions`;
/*!40101 SET @saved_cs_client     = @@character_set_client */;
/*!40101 SET character_set_client = utf8 */;
CREATE TABLE `auth_group_permissions` (
  `id` int(11) NOT NULL AUTO_INCREMENT,
  `group_id` int(11) NOT NULL,
  `permission_id` int(11) NOT NULL,
  PRIMARY KEY (`id`),
  UNIQUE KEY `group_id` (`group_id`,`permission_id`),
  KEY `auth_group_permissions_5f412f9a` (`group_id`),
  KEY `auth_group_permissions_83d7f98b` (`permission_id`),
  CONSTRAINT `group_id_refs_id_f4b32aac` FOREIGN KEY (`group_id`) REFERENCES `auth_group` (`id`),
  CONSTRAINT `permission_id_refs_id_6ba0f519` FOREIGN KEY (`permission_id`) REFERENCES `auth_permission` (`id`)
) ENGINE=InnoDB DEFAULT CHARSET=utf8 COLLATE=utf8_unicode_ci;
/*!40101 SET character_set_client = @saved_cs_client */;

--
-- Dumping data for table `auth_group_permissions`
--

LOCK TABLES `auth_group_permissions` WRITE;
/*!40000 ALTER TABLE `auth_group_permissions` DISABLE KEYS */;
/*!40000 ALTER TABLE `auth_group_permissions` ENABLE KEYS */;
UNLOCK TABLES;

--
-- Table structure for table `auth_permission`
--

DROP TABLE IF EXISTS `auth_permission`;
/*!40101 SET @saved_cs_client     = @@character_set_client */;
/*!40101 SET character_set_client = utf8 */;
CREATE TABLE `auth_permission` (
  `id` int(11) NOT NULL AUTO_INCREMENT,
  `name` varchar(50) COLLATE utf8_unicode_ci NOT NULL,
  `content_type_id` int(11) NOT NULL,
  `codename` varchar(100) COLLATE utf8_unicode_ci NOT NULL,
  PRIMARY KEY (`id`),
  UNIQUE KEY `content_type_id` (`content_type_id`,`codename`),
  KEY `auth_permission_37ef4eb4` (`content_type_id`),
  CONSTRAINT `content_type_id_refs_id_d043b34a` FOREIGN KEY (`content_type_id`) REFERENCES `django_content_type` (`id`)
) ENGINE=InnoDB AUTO_INCREMENT=40 DEFAULT CHARSET=utf8 COLLATE=utf8_unicode_ci;
/*!40101 SET character_set_client = @saved_cs_client */;

--
-- Dumping data for table `auth_permission`
--

LOCK TABLES `auth_permission` WRITE;
/*!40000 ALTER TABLE `auth_permission` DISABLE KEYS */;
INSERT INTO `auth_permission` VALUES (1,'Can add permission',1,'add_permission'),(2,'Can change permission',1,'change_permission'),(3,'Can delete permission',1,'delete_permission'),(4,'Can add group',2,'add_group'),(5,'Can change group',2,'change_group'),(6,'Can delete group',2,'delete_group'),(7,'Can add user',3,'add_user'),(8,'Can change user',3,'change_user'),(9,'Can delete user',3,'delete_user'),(10,'Can add content type',4,'add_contenttype'),(11,'Can change content type',4,'change_contenttype'),(12,'Can delete content type',4,'delete_contenttype'),(13,'Can add session',5,'add_session'),(14,'Can change session',5,'change_session'),(15,'Can delete session',5,'delete_session'),(16,'Can add site',6,'add_site'),(17,'Can change site',6,'change_site'),(18,'Can delete site',6,'delete_site'),(19,'Can add log entry',7,'add_logentry'),(20,'Can change log entry',7,'change_logentry'),(21,'Can delete log entry',7,'delete_logentry'),(22,'Can add invite mid',8,'add_invitemid'),(23,'Can change invite mid',8,'change_invitemid'),(24,'Can delete invite mid',8,'delete_invitemid'),(25,'Can add grid',9,'add_grid'),(26,'Can change grid',9,'change_grid'),(27,'Can delete grid',9,'delete_grid'),(28,'Can add company',10,'add_company'),(29,'Can change company',10,'change_company'),(30,'Can delete company',10,'delete_company'),(31,'Can add user profile',11,'add_userprofile'),(32,'Can change user profile',11,'change_userprofile'),(33,'Can delete user profile',11,'delete_userprofile'),(34,'Can add PayPal PDT',12,'add_paypalpdt'),(35,'Can change PayPal PDT',12,'change_paypalpdt'),(36,'Can delete PayPal PDT',12,'delete_paypalpdt'),(37,'Can add PayPal IPN',13,'add_paypalipn'),(38,'Can change PayPal IPN',13,'change_paypalipn'),(39,'Can delete PayPal IPN',13,'delete_paypalipn');
/*!40000 ALTER TABLE `auth_permission` ENABLE KEYS */;
UNLOCK TABLES;

--
-- Table structure for table `auth_user`
--

DROP TABLE IF EXISTS `auth_user`;
/*!40101 SET @saved_cs_client     = @@character_set_client */;
/*!40101 SET character_set_client = utf8 */;
CREATE TABLE `auth_user` (
  `id` int(11) NOT NULL AUTO_INCREMENT,
  `password` varchar(128) COLLATE utf8_unicode_ci NOT NULL,
  `last_login` datetime NOT NULL,
  `is_superuser` tinyint(1) NOT NULL,
  `username` varchar(30) COLLATE utf8_unicode_ci NOT NULL,
  `first_name` varchar(30) COLLATE utf8_unicode_ci NOT NULL,
  `last_name` varchar(30) COLLATE utf8_unicode_ci NOT NULL,
  `email` varchar(75) COLLATE utf8_unicode_ci NOT NULL,
  `is_staff` tinyint(1) NOT NULL,
  `is_active` tinyint(1) NOT NULL,
  `date_joined` datetime NOT NULL,
  PRIMARY KEY (`id`),
  UNIQUE KEY `username` (`username`)
) ENGINE=InnoDB AUTO_INCREMENT=4 DEFAULT CHARSET=utf8 COLLATE=utf8_unicode_ci;
/*!40101 SET character_set_client = @saved_cs_client */;

--
-- Dumping data for table `auth_user`
--

LOCK TABLES `auth_user` WRITE;
/*!40000 ALTER TABLE `auth_user` DISABLE KEYS */;
INSERT INTO `auth_user` VALUES (1,'pbkdf2_sha256$10000$uO4gP6vk3D8P$PfdGrgZU7yV3m79Z1nqKkpSn4L+cGw0Y0NtEzd2gMAE=','2013-07-02 08:37:40',1,'andrewchen','','','andrew@careerhoot.com',1,1,'2013-07-02 08:37:40'),(2,'pbkdf2_sha256$10000$mT7eeVt7G9il$ziJlzM+8+rFQG2gvPno+pK4RDardGkvVwawa9UgNWbw=','2013-07-02 08:38:19',0,'pJl_j6dWqg','Andrew','Chen','andrewlchen@gmail.com',0,1,'2013-07-02 08:38:19'),(3,'pbkdf2_sha256$10000$IG7RngqYznWt$c5OgmiikZcwv3pH0hGuTMZ+lx2aCYzLgdHXJZ3JwMm0=','2013-07-02 08:40:09',0,'TvePT1ZHIe','Drew','Chen','sirchen@gmail.com',0,1,'2013-07-02 08:40:08');
/*!40000 ALTER TABLE `auth_user` ENABLE KEYS */;
UNLOCK TABLES;

--
-- Table structure for table `auth_user_groups`
--

DROP TABLE IF EXISTS `auth_user_groups`;
/*!40101 SET @saved_cs_client     = @@character_set_client */;
/*!40101 SET character_set_client = utf8 */;
CREATE TABLE `auth_user_groups` (
  `id` int(11) NOT NULL AUTO_INCREMENT,
  `user_id` int(11) NOT NULL,
  `group_id` int(11) NOT NULL,
  PRIMARY KEY (`id`),
  UNIQUE KEY `user_id` (`user_id`,`group_id`),
  KEY `auth_user_groups_6340c63c` (`user_id`),
  KEY `auth_user_groups_5f412f9a` (`group_id`),
  CONSTRAINT `user_id_refs_id_40c41112` FOREIGN KEY (`user_id`) REFERENCES `auth_user` (`id`),
  CONSTRAINT `group_id_refs_id_274b862c` FOREIGN KEY (`group_id`) REFERENCES `auth_group` (`id`)
) ENGINE=InnoDB AUTO_INCREMENT=5 DEFAULT CHARSET=utf8 COLLATE=utf8_unicode_ci;
/*!40101 SET character_set_client = @saved_cs_client */;

--
-- Dumping data for table `auth_user_groups`
--

LOCK TABLES `auth_user_groups` WRITE;
/*!40000 ALTER TABLE `auth_user_groups` DISABLE KEYS */;
INSERT INTO `auth_user_groups` VALUES (1,2,1),(2,2,2),(4,3,2),(3,3,3);
/*!40000 ALTER TABLE `auth_user_groups` ENABLE KEYS */;
UNLOCK TABLES;

--
-- Table structure for table `auth_user_user_permissions`
--

DROP TABLE IF EXISTS `auth_user_user_permissions`;
/*!40101 SET @saved_cs_client     = @@character_set_client */;
/*!40101 SET character_set_client = utf8 */;
CREATE TABLE `auth_user_user_permissions` (
  `id` int(11) NOT NULL AUTO_INCREMENT,
  `user_id` int(11) NOT NULL,
  `permission_id` int(11) NOT NULL,
  PRIMARY KEY (`id`),
  UNIQUE KEY `user_id` (`user_id`,`permission_id`),
  KEY `auth_user_user_permissions_6340c63c` (`user_id`),
  KEY `auth_user_user_permissions_83d7f98b` (`permission_id`),
  CONSTRAINT `user_id_refs_id_4dc23c39` FOREIGN KEY (`user_id`) REFERENCES `auth_user` (`id`),
  CONSTRAINT `permission_id_refs_id_35d9ac25` FOREIGN KEY (`permission_id`) REFERENCES `auth_permission` (`id`)
) ENGINE=InnoDB DEFAULT CHARSET=utf8 COLLATE=utf8_unicode_ci;
/*!40101 SET character_set_client = @saved_cs_client */;

--
-- Dumping data for table `auth_user_user_permissions`
--

LOCK TABLES `auth_user_user_permissions` WRITE;
/*!40000 ALTER TABLE `auth_user_user_permissions` DISABLE KEYS */;
/*!40000 ALTER TABLE `auth_user_user_permissions` ENABLE KEYS */;
UNLOCK TABLES;

--
-- Table structure for table `django_admin_log`
--

DROP TABLE IF EXISTS `django_admin_log`;
/*!40101 SET @saved_cs_client     = @@character_set_client */;
/*!40101 SET character_set_client = utf8 */;
CREATE TABLE `django_admin_log` (
  `id` int(11) NOT NULL AUTO_INCREMENT,
  `action_time` datetime NOT NULL,
  `user_id` int(11) NOT NULL,
  `content_type_id` int(11) DEFAULT NULL,
  `object_id` longtext COLLATE utf8_unicode_ci,
  `object_repr` varchar(200) COLLATE utf8_unicode_ci NOT NULL,
  `action_flag` smallint(5) unsigned NOT NULL,
  `change_message` longtext COLLATE utf8_unicode_ci NOT NULL,
  PRIMARY KEY (`id`),
  KEY `django_admin_log_6340c63c` (`user_id`),
  KEY `django_admin_log_37ef4eb4` (`content_type_id`),
  CONSTRAINT `content_type_id_refs_id_93d2d1f8` FOREIGN KEY (`content_type_id`) REFERENCES `django_content_type` (`id`),
  CONSTRAINT `user_id_refs_id_c0d12874` FOREIGN KEY (`user_id`) REFERENCES `auth_user` (`id`)
) ENGINE=InnoDB DEFAULT CHARSET=utf8 COLLATE=utf8_unicode_ci;
/*!40101 SET character_set_client = @saved_cs_client */;

--
-- Dumping data for table `django_admin_log`
--

LOCK TABLES `django_admin_log` WRITE;
/*!40000 ALTER TABLE `django_admin_log` DISABLE KEYS */;
/*!40000 ALTER TABLE `django_admin_log` ENABLE KEYS */;
UNLOCK TABLES;

--
-- Table structure for table `django_content_type`
--

DROP TABLE IF EXISTS `django_content_type`;
/*!40101 SET @saved_cs_client     = @@character_set_client */;
/*!40101 SET character_set_client = utf8 */;
CREATE TABLE `django_content_type` (
  `id` int(11) NOT NULL AUTO_INCREMENT,
  `name` varchar(100) COLLATE utf8_unicode_ci NOT NULL,
  `app_label` varchar(100) COLLATE utf8_unicode_ci NOT NULL,
  `model` varchar(100) COLLATE utf8_unicode_ci NOT NULL,
  PRIMARY KEY (`id`),
  UNIQUE KEY `app_label` (`app_label`,`model`)
) ENGINE=InnoDB AUTO_INCREMENT=14 DEFAULT CHARSET=utf8 COLLATE=utf8_unicode_ci;
/*!40101 SET character_set_client = @saved_cs_client */;

--
-- Dumping data for table `django_content_type`
--

LOCK TABLES `django_content_type` WRITE;
/*!40000 ALTER TABLE `django_content_type` DISABLE KEYS */;
INSERT INTO `django_content_type` VALUES (1,'permission','auth','permission'),(2,'group','auth','group'),(3,'user','auth','user'),(4,'content type','contenttypes','contenttype'),(5,'session','sessions','session'),(6,'site','sites','site'),(7,'log entry','admin','logentry'),(8,'invite mid','introkick','invitemid'),(9,'grid','introkick','grid'),(10,'company','introkick','company'),(11,'user profile','introkick','userprofile'),(12,'PayPal PDT','pdt','paypalpdt'),(13,'PayPal IPN','ipn','paypalipn');
/*!40000 ALTER TABLE `django_content_type` ENABLE KEYS */;
UNLOCK TABLES;

--
-- Table structure for table `django_session`
--

DROP TABLE IF EXISTS `django_session`;
/*!40101 SET @saved_cs_client     = @@character_set_client */;
/*!40101 SET character_set_client = utf8 */;
CREATE TABLE `django_session` (
  `session_key` varchar(40) COLLATE utf8_unicode_ci NOT NULL,
  `session_data` longtext COLLATE utf8_unicode_ci NOT NULL,
  `expire_date` datetime NOT NULL,
  PRIMARY KEY (`session_key`),
  KEY `django_session_b7b81f0c` (`expire_date`)
) ENGINE=InnoDB DEFAULT CHARSET=utf8 COLLATE=utf8_unicode_ci;
/*!40101 SET character_set_client = @saved_cs_client */;

--
-- Dumping data for table `django_session`
--

LOCK TABLES `django_session` WRITE;
/*!40000 ALTER TABLE `django_session` DISABLE KEYS */;
INSERT INTO `django_session` VALUES ('i80u28f872pbescda7nxhy40k3zc65cz','NThkNjZlYjkzOWE4YTU0ZDYzM2ZmMDJhYTk0MTc0MDQzOGUwNzVkZjqAAn1xAShVA2dpZHECiVUJc2hhcmVfdXJscQNVFmh0dHA6Ly9sb2NhbGhvc3Q6ODAwMC91Lg==','2013-07-16 08:40:27'),('lqprortfp9oymrty9lmm9222okqrfx84','MjMwNzc4ZjkzYmQ3YzNkYzAxMTEzZGQyMjgwMDQ4NWJjOGYzYzJlNTqAAn1xAShVEWdyb3VwX21lbWJlcl9saXN0XXECfXEDKFUJbGFzdF9uYW1lWAQAAABDaGVucQRVCmZpcnN0X25hbWVYBgAAAEFuZHJld3EFVQpwdWJsaWNfdXJsWCYAAABodHRwOi8vd3d3LmxpbmtlZGluLmNvbS9pbi9hbmRyZXdsY2hlbnEGVQtwaWN0dXJlX3VybFhxAAAAaHR0cDovL20uYy5sbmtkLmxpY2RuLmNvbS9tcHIvbXByeC8wX2VQdnVwZkxfcHQ3d3lsQ2lvMWswcFM2dXItWmRwLXRpRXRUMXBTa1BmTnVKaW41X1h2NTh0RHJnTzA0OXh6UGZXS0J0MW9uNEZDc2JxB3VhVQt2aWV3X2ZpbHRlclUJL2NvbXBhbnkvVQpncm91cF9mb3JtY2ludHJva2ljay5mb3JtcwpHcm91cFVwZGF0ZQpxCCmBcQl9cQooVQVmaWxlc3ELfVUIaXNfYm91bmRxDIhVC2Vycm9yX2NsYXNzcQ1jZGphbmdvLmZvcm1zLnV0aWwKRXJyb3JMaXN0CnEOVQ9lbXB0eV9wZXJtaXR0ZWRxD4lVBmZpZWxkc3EQY2RqYW5nby51dGlscy5kYXRhc3RydWN0dXJlcwpTb3J0ZWREaWN0CnERKYFxElUFZ3JvdXBxE2NkamFuZ28uZm9ybXMuZmllbGRzCkNoYXJGaWVsZApxFCmBcRV9cRYoVQptaW5fbGVuZ3RocRdOVQZ3aWRnZXRxGGNkamFuZ28uZm9ybXMud2lkZ2V0cwpUZXh0SW5wdXQKcRkpgXEafXEbKFULaXNfcmVxdWlyZWRxHIlVBWF0dHJzcR19dWJVB2luaXRpYWxxHlUTQWRkIG9yIGpvaW4gYSBncm91cFUQY3JlYXRpb25fY291bnRlcnEfTQswVQhyZXF1aXJlZHEgiVUFbGFiZWxxIVgUAAAAQWRkIG9yIGpvaW4gYSBncm91cDpVCm1heF9sZW5ndGhxIk5VCnZhbGlkYXRvcnNxI11VCWhlbHBfdGV4dHEkWAAAAABVCGxvY2FsaXplcSWJVQ5lcnJvcl9tZXNzYWdlc3EmfXEnKFgIAAAAcmVxdWlyZWRjZGphbmdvLnV0aWxzLmZ1bmN0aW9uYWwKX2xhenlfcHJveHlfdW5waWNrbGUKcSgoY2RqYW5nby51dGlscy50cmFuc2xhdGlvbgp1Z2V0dGV4dApxKVgXAAAAVGhpcyBmaWVsZCBpcyByZXF1aXJlZC6FcSp9cStjX19idWlsdGluX18KdW5pY29kZQpxLHRScS1YBwAAAGludmFsaWRoKChoKVgUAAAARW50ZXIgYSB2YWxpZCB2YWx1ZS6FcS59cS9oLHRScTB1VRNzaG93X2hpZGRlbl9pbml0aWFscTGJdWJzfXEyVQhrZXlPcmRlcnEzXXE0aBNhc2JoHn1VDGxhYmVsX3N1ZmZpeHE1WAEAAAA6VQZwcmVmaXhxNk5VDV9jaGFuZ2VkX2RhdGFxN05VBGRhdGFxOGNkamFuZ28uaHR0cC5yZXF1ZXN0ClF1ZXJ5RGljdApxOSmBcTooWBMAAABjc3JmbWlkZGxld2FyZXRva2VucTtYIAAAAG4yUDhPZ3JDWVY4YzZDTXoxMHI4WEZwNGRnMkJaTFRYcTxYBQAAAGdyb3VwcT1YDQAAAHNpcmNoZW4gZ3JvdXBxPnV9cT8oVQlfZW5jb2RpbmdxQFUFdXRmLThxQVUFX2RhdGFxQn1xQyhoO11xRGg8YWg9XXFFaD5hdVUIX211dGFibGVxRol1YlUHX2Vycm9yc3FHTlUHYXV0b19pZHFIWAUAAABpZF8lc3ViVRZpbnZpdGVfb3RoZXJzX3RvX2dyb3VwY2ludHJva2ljay5mb3JtcwpJbnZpdGVPdGhlcnNUb0dyb3VwCnFJKYFxSn1xSyhoC31oDIloDWgOaA+JaBBoESmBcUxVBWVtYWlscU1jZGphbmdvLmZvcm1zLmZpZWxkcwpFbWFpbEZpZWxkCnFOKYFxT31xUChoF05oGGgZKYFxUX1xUihoHIloHX11YmgeVRBuYW1lQGV4YW1wbGUuY29taB9NDDBoIIloIVgcAAAASW52aXRlIG90aGVycyB0byB0aGlzIGdyb3VwOmgiTmgjXXFTY2RqYW5nby5jb3JlLnZhbGlkYXRvcnMKRW1haWxWYWxpZGF0b3IKcVQpgXFVfXFWKFUFcmVnZXhxV2NyZQpfY29tcGlsZQpxWFgoAQAAKF5bLSEjJCUmJyorLz0/Xl9ge318fjAtOUEtWl0rKFwuWy0hIyQlJicqKy89P15fYHt9fH4wLTlBLVpdKykqfF4iKFtcMDAxLVwwMTBcMDEzXDAxNFwwMTYtXDAzNyEjLVxbXF0tXDE3N118XFxbXDAwMS1cMDExXDAxM1wwMTRcMDE2LVwxNzddKSoiKUAoKD86W0EtWjAtOV0oPzpbQS1aMC05LV17MCw2MX1bQS1aMC05XSk/XC4pKyg/OltBLVpdezIsNn1cLj98W0EtWjAtOS1dezIsfVwuPykkKXxcWygyNVswLTVdfDJbMC00XVxkfFswLTFdP1xkP1xkKShcLigyNVswLTVdfDJbMC00XVxkfFswLTFdP1xkP1xkKSl7M31cXSRxWUsChlJxWlUHbWVzc2FnZXFbaCgoaClYHAAAAEVudGVyIGEgdmFsaWQgZW1haWwgYWRkcmVzcy6FcVx9cV1oLHRScV5VBGNvZGVxX1gHAAAAaW52YWxpZHViYWgkWAAAAABoJYloJn1xYChYCAAAAHJlcXVpcmVkVR9Zb3UgZGlkbid0IGVudGVyIGEgdmFsaWQgZW1haWwuWAcAAABpbnZhbGlkaCgoaClYHAAAAEVudGVyIGEgdmFsaWQgZW1haWwgYWRkcmVzcy6FcWF9cWJoLHRScWN1aDGJdWJzfXFkaDNdcWVoTWFzYmgefWg1WAEAAAA6aDZOaDdOaDh9aEdjZGphbmdvLmZvcm1zLnV0aWwKRXJyb3JEaWN0CnFmKYFxZ31xaGJoSFgFAAAAaWRfJXN1YlURY3VycmVudF91c2VyX2dyaWRdcWkoY2NvcHlfcmVnCl9yZWNvbnN0cnVjdG9yCnFqY2ludHJva2ljay5tb2RlbHMKR3JpZApxa2NfX2J1aWx0aW5fXwpvYmplY3QKcWxOh1JxbX1xbihVDm5vZGVfbGFzdF9uYW1lcW9YCwAAAFRoaXJkZGVncmVlVQ1ub2RlX2xvY2F0aW9ucXBYFgAAAFNhbiBGcmFuY2lzY28gQmF5IEFyZWFVBl9zdGF0ZXFxY2RqYW5nby5kYi5tb2RlbHMuYmFzZQpNb2RlbFN0YXRlCnFyKYFxc31xdChVBmFkZGluZ3F1iVUCZGJxdlUHZGVmYXVsdHF3dWJVEG5vZGVfcGljdHVyZV91cmxxeFgQAAAATm8gcGljdHVyZSBnaXZlblUIbm9kZV9taWRxeVgKAAAAX0ctaXRGU0RWU1UZX3ByZWZldGNoZWRfb2JqZWN0c19jYWNoZXF6fXF7VQpjb25uZWN0b3JzcXxjZGphbmdvLmRiLm1vZGVscy5xdWVyeQpRdWVyeVNldApxfSmBcX59cX8oVQVfaXRlcnGATlUZX3ByZWZldGNoX3JlbGF0ZWRfbG9va3Vwc3GBXXGCVQ5fc3RpY2t5X2ZpbHRlcnGDiVUDX2RicYRod1UNX3Jlc3VsdF9jYWNoZXGFXXGGaGpjZGphbmdvLmNvbnRyaWIuYXV0aC5tb2RlbHMKVXNlcgpxh2hsTodScYh9cYkoVQh1c2VybmFtZXGKWAoAAABUdmVQVDFaSEllVQpmaXJzdF9uYW1lcYtYBAAAAERyZXdVCWxhc3RfbmFtZXGMWAQAAABDaGVuVQlpc19hY3RpdmVxjYhocWhyKYFxjn1xjyhodYlodmh3dWJVFV9wcmVmZXRjaF9yZWxhdGVkX3ZhbHGQigLWAlUMaXNfc3VwZXJ1c2VycZGJVQhpc19zdGFmZnGSiVUKbGFzdF9sb2dpbnGTY2RhdGV0aW1lCmRhdGV0aW1lCnGUVQoH3QcCCCgJAAAAY2RqYW5nby51dGlscy50aW1lem9uZQpVVEMKcZUpUnGWhlJxl1UFZW1haWxxmFgRAAAAc2lyY2hlbkBnbWFpbC5jb21VCHBhc3N3b3JkcZlYTQAAAHBia2RmMl9zaGEyNTYkMTAwMDAkSUc3Um5ncVl6bld0JGM1T2dtaWlrWmN3djNwSDBoR3VUTVorbHgyYUNZekxnZEhYSlozSndNbTA9VQJpZHGaigEDVQtkYXRlX2pvaW5lZHGbaJRVCgfdBwIIKAgAAABoloZScZx1YmFVDl9wcmVmZXRjaF9kb25lcZ2IVQpfZm9yX3dyaXRlcZ6JVQVxdWVyeXGfY2RqYW5nby5kYi5tb2RlbHMuc3FsLnF1ZXJ5ClF1ZXJ5CnGgKYFxoX1xoihVFWFnZ3JlZ2F0ZV9zZWxlY3RfbWFza3GjTlUXX2FnZ3JlZ2F0ZV9zZWxlY3RfY2FjaGVxpE5VBWV4dHJhcaVoESmBcaZ9cadoM11zYlUIam9pbl9tYXBxqH1xqSgoTlgJAAAAYXV0aF91c2VycapOTnRoqoUoWBkAAABpbnRyb2tpY2tfZ3JpZF9jb25uZWN0b3JzcatYDgAAAGludHJva2lja19ncmlkcaxVB2dyaWRfaWRxrVgCAAAAaWRxrnRorIUoaKpoq2iuVQd1c2VyX2lkca90aKuFdVUVcmVsYXRlZF9zZWxlY3RfZmllbGRzcbBdVQxleHRyYV90YWJsZXNxsSlVCWFsaWFzX21hcHGyfXGzKGiqY2RqYW5nby5kYi5tb2RlbHMuc3FsLmNvbnN0YW50cwpKb2luSW5mbwpxtChoqmiqTk5OTol0gXG1aKtotChoq2irVQpJTk5FUiBKT0lOcbZoqmiuaK+IdIFxt2isaLQoaKxorGi2aKtorWiuiHSBcbh1VQZ0YWJsZXNxuV1xuihoqmiraKxlVQx1c2VkX2FsaWFzZXNxu2NfX2J1aWx0aW5fXwpzZXQKcbxdcb0oaKpoq2WFUnG+VQhvcmRlcl9ieXG/XXHAVQhkaXN0aW5jdHHBiVUOZHVwZV9hdm9pZGFuY2Vxwn1xw1UQZGVmYXVsdF9vcmRlcmluZ3HEiFUIZ3JvdXBfYnlxxU5VEXNlbGVjdF9mb3JfdXBkYXRlccaJVQ5zZWxlY3RfcmVsYXRlZHHHiVUQZGVmZXJyZWRfbG9hZGluZ3HIaLxdhVJxyYiGccpVDXNlbGVjdF9maWVsZHNxy11VE19leHRyYV9zZWxlY3RfY2FjaGVxzE5VCW1heF9kZXB0aHHNSwVVBnNlbGVjdHHOXXHPVQ5leHRyYV9vcmRlcl9ieXHQKVUPZGlzdGluY3RfZmllbGRzcdFdcdJVCmFnZ3JlZ2F0ZXNx02gRKYFx1H1x1WgzXXNiVRFleHRyYV9zZWxlY3RfbWFza3HWTlUYc2VsZWN0X2Zvcl91cGRhdGVfbm93YWl0cdeJVQhsb3dfbWFya3HYSwBVDmFsaWFzX3JlZmNvdW50cdl9cdooaKpLAWirSwForEsAdVUTcmVsYXRlZF9zZWxlY3RfY29sc3HbXVUMZGVmYXVsdF9jb2xzcdyIVRBvcmRlcmluZ19hbGlhc2Vzcd1dcd5VCWhpZ2hfbWFya3HfTlUZaW5jbHVkZWRfaW5oZXJpdGVkX21vZGVsc3HgfXHhVQl0YWJsZV9tYXBx4n1x4yhoql1x5GiqYWirXXHlaKthaKxdceZorGF1VQt3aGVyZV9jbGFzc3HnY2RqYW5nby5kYi5tb2RlbHMuc3FsLndoZXJlCldoZXJlTm9kZQpx6FUFbW9kZWxx6WiHVRFzdGFuZGFyZF9vcmRlcmluZ3HqiFUFd2hlcmVx62joKYFx7H1x7ShVCWNvbm5lY3RvcnHuVQNBTkRx71UHbmVnYXRlZHHwiVUIY2hpbGRyZW5x8V1x8mjoKYFx831x9Cho7mjvaPCJaPFdcfUoY2RqYW5nby5kYi5tb2RlbHMuc3FsLndoZXJlCkNvbnN0cmFpbnQKcfYpgXH3fXH4KFUFYWxpYXNx+WirVQVtb2RlbHH6aGtVCmZpZWxkX25hbWVx+1gCAAAAaWRx/FUDY29scf1orXViVQVleGFjdHH+iE3WAnRx/2FVD3N1YnRyZWVfcGFyZW50c3IAAQAAXXViYWoAAQAAXXViVQZoYXZpbmdyAQEAAGjoKYFyAgEAAH1yAwEAACho7mjvaPCJaPFdagABAABddWJVEGZpbHRlcl9pc19zdGlja3lyBAEAAIh1Ymj6aIdVFl9rbm93bl9yZWxhdGVkX29iamVjdHNyBQEAAH1yBgEAAHVic1UPbm9kZV9wdWJsaWNfdXJscgcBAABYNwAAAGh0dHA6Ly93d3cubGlua2VkaW4uY29tL3B1Yi9qYW5lLXRoaXJkZGVncmVlLzY3LzcyMS9hMTNVD25vZGVfZmlyc3RfbmFtZXIIAQAAWAQAAABKYW5lVQ1ub2RlX2luZHVzdHJ5cgkBAABYEAAAAE1lZGlhIFByb2R1Y3Rpb25omooC1gJ1YmhqaGtobE6HUnIKAQAAfXILAQAAKGhvWAsAAABUaGlyZGRlZ3JlZWhwWBYAAABTYW4gRnJhbmNpc2NvIEJheSBBcmVhaHFocimBcgwBAAB9cg0BAAAoaHWJaHZod3ViaHhYEAAAAE5vIHBpY3R1cmUgZ2l2ZW5oeVgKAAAAdm5lbVJsUGkwTmh6fXIOAQAAaHxofSmBcg8BAAB9chABAAAoaIBOaIFdchEBAABog4lohGh3aIVdchIBAABoamiHaGxOh1JyEwEAAH1yFAEAAChoilgKAAAAVHZlUFQxWkhJZWiLWAQAAABEcmV3aIxYBAAAAENoZW5ojYhocWhyKYFyFQEAAH1yFgEAAChodYlodmh3dWJokIoC1wJokYlokolok2iUVQoH3QcCCCgJAAAAaJaGUnIXAQAAaJhYEQAAAHNpcmNoZW5AZ21haWwuY29taJlYTQAAAHBia2RmMl9zaGEyNTYkMTAwMDAkSUc3Um5ncVl6bld0JGM1T2dtaWlrWmN3djNwSDBoR3VUTVorbHgyYUNZekxnZEhYSlozSndNbTA9aJqKAQNom2iUVQoH3QcCCCgIAAAAaJaGUnIYAQAAdWJhaJ2IaJ6JaJ9ooCmBchkBAAB9choBAAAoaKNOaKROaKVoESmBchsBAAB9chwBAABoM11zYmiofXIdAQAAKChOaKpOTnRoqoUoaKtorGitaK50aKyFKGiqaKtormivdGirhXVosF1osSlosn1yHgEAAChoqmi0KGiqaKpOTk5OiXSBch8BAABoq2i0KGiraKtotmiqaK5or4h0gXIgAQAAaKxotChorGisaLZoq2itaK6IdIFyIQEAAHVouV1yIgEAAChoqmiraKxlaLtovF1yIwEAAChoqmirZYVSciQBAABov11yJQEAAGjBiWjCfXImAQAAaMSIaMVOaMaJaMeJaMhovF2FUnInAQAAiIZyKAEAAGjLXWjMTmjNSwVozl1yKQEAAGjQKWjRXXIqAQAAaNNoESmBcisBAAB9ciwBAABoM11zYmjWTmjXiWjYSwBo2X1yLQEAAChoqksBaKtLAWisSwB1aNtdaNyIaN1dci4BAABo305o4H1yLwEAAGjifXIwAQAAKGiqXXIxAQAAaKphaKtdcjIBAABoq2ForF1yMwEAAGisYXVo52joaOloh2jqiGjraOgpgXI0AQAAfXI1AQAAKGjuaO9o8Ilo8V1yNgEAAGjoKYFyNwEAAH1yOAEAACho7mjvaPCJaPFdcjkBAAAoaPYpgXI6AQAAfXI7AQAAKGj5aKto+mhraPto/Gj9aK11Ymj+iE3XAnRyPAEAAGFqAAEAAF11YmFqAAEAAF11YmoBAQAAaOgpgXI9AQAAfXI+AQAAKGjuaO9o8Ilo8V1qAAEAAF11YmoEAQAAiHViaPpoh2oFAQAAfXI/AQAAdWJzagcBAABYNwAAAGh0dHA6Ly93d3cubGlua2VkaW4uY29tL3B1Yi9qb2huLXRoaXJkZGVncmVlLzY3LzY3My9hYjdqCAEAAFgEAAAASm9obmoJAQAAWBcAAABTdGFmZmluZyBhbmQgUmVjcnVpdGluZ2iaigLXAnViZVUKZmlyc3RfbmFtZVUGQW5kcmV3VQ1fYXV0aF91c2VyX2lkigECVQlzaGFyZV91cmxVFmh0dHA6Ly9sb2NhbGhvc3Q6ODAwMC9VA2dpZIlVDWdyb3VwX21lbWJlcnNofSmBckABAAB9ckEBAAAoaIBOagUBAAB9ckIBAABog4lohFUHZGVmYXVsdHJDAQAAaIVdckQBAABoamiHaGxOh1JyRQEAAH1yRgEAAChoilgKAAAAcEpsX2o2ZFdxZ2iLaAVojGgEaI2IaHFocimBckcBAAB9ckgBAAAoaHWJaHZqQwEAAHViaJhYFQAAAGFuZHJld2xjaGVuQGdtYWlsLmNvbWiRiWiSiWiTaJRVCgfdBwIIJhMAAABolSlSckkBAACGUnJKAQAAVRJfdXNlcnByb2ZpbGVfY2FjaGVySwEAAGhqY2ludHJva2ljay5tb2RlbHMKVXNlclByb2ZpbGUKckwBAABobE6HUnJNAQAAfXJOAQAAKFUHdXNlcl9pZHJPAQAAigECVQtzdWJzX2V4cGlyeXJQAQAAaJRVCgfdBxAIJhMAAABqSQEAAIZSclEBAABVCHVzZXJfdXJsclIBAABoBlULbG9naW5fY291bnRyUwEAAIoAVQtfdXNlcl9jYWNoZXJUAQAAakUBAABocWhyKYFyVQEAAH1yVgEAAChodYlodmpDAQAAdWJVBHBhaWRyVwEAAIlVDG9hdXRoX3NlY3JldHJYAQAAWCQAAAA3YjZjYjFhYy1kZmEzLTQwM2ItOTdmMC1hMTVhMTQzZmE3YWNVC29hdXRoX3Rva2VuclkBAABYJAAAADQ1ODZhNDU1LWM0NjktNGVjNC1hZGQyLTA0MzIwMzNiOGI5OFUQdXNlcl9waWN0dXJlX3VybHJaAQAAaAdomooBAXViaJlYTQAAAHBia2RmMl9zaGEyNTYkMTAwMDAkbVQ3ZWVWdDdHOWlsJHppSmx6TSs4K3JGUUcyZ3ZQbm8rcEs0UkRhcmRHa3ZWd2F3YTlVZ05XYnc9aJqKAQJom2iUVQoH3QcCCCYTAAAAakkBAACGUnJbAQAAdWJhaJ2JaJ6JaJ9ooCmBclwBAAB9cl0BAAAoVRVhZ2dyZWdhdGVfc2VsZWN0X21hc2tyXgEAAE5VF19hZ2dyZWdhdGVfc2VsZWN0X2NhY2hlcl8BAABOVQVleHRyYXJgAQAAaBEpgXJhAQAAfXJiAQAAaDNdc2JVCGpvaW5fbWFwcmMBAAB9cmQBAAAoKE5YCQAAAGF1dGhfdXNlcnJlAQAATk50amUBAACFKFgQAAAAYXV0aF91c2VyX2dyb3Vwc3JmAQAAWAoAAABhdXRoX2dyb3VwcmcBAABVCGdyb3VwX2lkcmgBAABYAgAAAGlkcmkBAAB0amcBAACFKGplAQAAamYBAABqaQEAAFUHdXNlcl9pZHJqAQAAdGpmAQAAhXVVFXJlbGF0ZWRfc2VsZWN0X2ZpZWxkc3JrAQAAXVUMZXh0cmFfdGFibGVzcmwBAAApVQlhbGlhc19tYXBybQEAAH1ybgEAAChqZQEAAGi0KGplAQAAamUBAABOTk5OiXSBcm8BAABqZwEAAGi0KGpnAQAAamcBAABVCklOTkVSIEpPSU5ycAEAAGpmAQAAamgBAABqaQEAAIh0gXJxAQAAamYBAABotChqZgEAAGpmAQAAanABAABqZQEAAGppAQAAamoBAACIdIFycgEAAHVVBnRhYmxlc3JzAQAAXXJ0AQAAKGplAQAAamYBAABqZwEAAGVVDHVzZWRfYWxpYXNlc3J1AQAAaLxdcnYBAAAoamUBAABqZgEAAGWFUnJ3AQAAVQhvcmRlcl9ieXJ4AQAAXXJ5AQAAVQhkaXN0aW5jdHJ6AQAAiVUOZHVwZV9hdm9pZGFuY2VyewEAAH1yfAEAAFUJdGFibGVfbWFwcn0BAAB9cn4BAAAoamUBAABdcn8BAABqZQEAAGFqZwEAAF1ygAEAAGpnAQAAYWpmAQAAXXKBAQAAamYBAABhdVUIZ3JvdXBfYnlyggEAAE5VEXNlbGVjdF9mb3JfdXBkYXRlcoMBAACJVQ5zZWxlY3RfcmVsYXRlZHKEAQAAiVUQZGVmZXJyZWRfbG9hZGluZ3KFAQAAaLxdhVJyhgEAAIiGcocBAABVDXNlbGVjdF9maWVsZHNyiAEAAF1VE19leHRyYV9zZWxlY3RfY2FjaGVyiQEAAE5VCW1heF9kZXB0aHKKAQAASwVVBnNlbGVjdHKLAQAAXXKMAQAAVQ5leHRyYV9vcmRlcl9ieXKNAQAAKVUPZGlzdGluY3RfZmllbGRzco4BAABdco8BAABVCmFnZ3JlZ2F0ZXNykAEAAGgRKYFykQEAAH1ykgEAAGgzXXNiVRlfbG9hZGVkX2ZpZWxkX25hbWVzX2NhY2hlcpMBAAB9cpQBAABVEWV4dHJhX3NlbGVjdF9tYXNrcpUBAABOVRhzZWxlY3RfZm9yX3VwZGF0ZV9ub3dhaXRylgEAAIlVCGxvd19tYXJrcpcBAABLAFUOYWxpYXNfcmVmY291bnRymAEAAH1ymQEAAChqZQEAAEsBamcBAABLAGpmAQAASwF1VRNyZWxhdGVkX3NlbGVjdF9jb2xzcpoBAABdVQxkZWZhdWx0X2NvbHNymwEAAIhVEG9yZGVyaW5nX2FsaWFzZXNynAEAAF1ynQEAAFUGaGF2aW5ncp4BAABo6CmBcp8BAAB9cqABAAAoaO5VA0FORHKhAQAAaPCJaPFdagABAABddWJVGWluY2x1ZGVkX2luaGVyaXRlZF9tb2RlbHNyogEAAH1yowEAAE5qZQEAAHNVEGRlZmF1bHRfb3JkZXJpbmdypAEAAIhVC3doZXJlX2NsYXNzcqUBAABo6FUFbW9kZWxypgEAAGiHVRFzdGFuZGFyZF9vcmRlcmluZ3KnAQAAiFUFd2hlcmVyqAEAAGjoKYFyqQEAAH1yqgEAACho7mqhAQAAaPCJaPFdcqsBAABo6CmBcqwBAAB9cq0BAAAoaO5qoQEAAGjwiWjxXXKuAQAAKGj2KYFyrwEAAH1ysAEAAChVBWFsaWFzcrEBAABqZgEAAGj6Y2RqYW5nby5jb250cmliLmF1dGgubW9kZWxzCkdyb3VwCnKyAQAAaPto/FUDY29scrMBAABqaAEAAHViVQVleGFjdIhLAnRytAEAAGFqAAEAAF11YmFqAAEAAF11YlUJaGlnaF9tYXJrcrUBAABOVRBmaWx0ZXJfaXNfc3RpY2t5crYBAACIdWJo+miHaIFdcrcBAAB1YlUWY3VycmVudF91c2VyX2NvbXBhbmllc11yuAEAAChYBwAAAE1lZGlhQ29yuQEAAFgJAAAAVmVudHVyZUNvcroBAABlVQ9ncmlkX2xpc3RfcmFuZ2VdcrsBAAAoSwBLAWVVDXJlcXVlc3RfdG9rZW59crwBAAAoVRJvYXV0aF90b2tlbl9zZWNyZXRVJGYwMGQ0MWViLWI0YzktNGE1ZS04MjMwLTE5NmE1NjZlMThlMFULb2F1dGhfdG9rZW5VJGVmYWM5ZGU0LWYzNGUtNGQ2MS1hZmZkLTEwOWE5MzY3YTNmMlUXeG9hdXRoX3JlcXVlc3RfYXV0aF91cmxVLGh0dHBzOi8vYXBpLmxpbmtlZGluLmNvbS91YXMvb2F1dGgvYXV0aG9yaXplVRBvYXV0aF9leHBpcmVzX2luVQM1OTlVGG9hdXRoX2NhbGxiYWNrX2NvbmZpcm1lZFUEdHJ1ZXVVDG9ubG9hZF9tb2RhbFUEZnJlZVUKYWxsX2dyb3Vwc2h9KYFyvQEAAH1yvgEAAChogE5ogV1yvwEAAGiDiWiEaHdohV1ywAEAAChoamqyAQAAaGxOh1JywQEAAH1ywgEAAChocWhyKYFywwEAAH1yxAEAAChodYlodmh3dWJomooBAVUEbmFtZXLFAQAAWCQAAABBbmRyZXcgQ2hlbidzIDFzdCBkZWdyZWUgY29ubmVjdGlvbnN1YmhqarIBAABobE6HUnLGAQAAfXLHAQAAKGhxaHIpgXLIAQAAfXLJAQAAKGh1iWh2aHd1YmiaigECasUBAABYDQAAAHNpcmNoZW4gZ3JvdXB1YmVonYlonolon2igKYFyygEAAH1yywEAAChoo05opE5opWgRKYFyzAEAAH1yzQEAAGgzXXNiaKh9cs4BAAAoKE5YCgAAAGF1dGhfZ3JvdXByzwEAAE5OdGrPAQAAhShqzwEAAFgQAAAAYXV0aF91c2VyX2dyb3Vwc3LQAQAAaK5VCGdyb3VwX2lkctEBAAB0atABAACFKGrQAQAAaKpVB3VzZXJfaWRy0gEAAGiudGiqhXVosF1osSlosn1y0wEAAChoqmi0KGiqaKpotmrQAQAAatIBAABoroh0gXLUAQAAas8BAABotChqzwEAAGrPAQAATk5OTol0gXLVAQAAatABAABotChq0AEAAGrQAQAAaLZqzwEAAGiuatEBAACIdIFy1gEAAHVouV1y1wEAAChqzwEAAGrQAQAAaKplaLtovF1y2AEAAChqzwEAAGrQAQAAZYVSctkBAABov11y2gEAAFUEbmFtZXLbAQAAYWjBiWjCfXLcAQAAaMSIaMVOaMaJaMeJaMhovF2FUnLdAQAAiIZy3gEAAGjLXWjMTmjNSwVozl1y3wEAAGjQKWjRXXLgAQAAaNNoESmBcuEBAAB9cuIBAABoM11zYlUZX2xvYWRlZF9maWVsZF9uYW1lc19jYWNoZXLjAQAAfXLkAQAAaNZOaNeJaNhLAGjZfXLlAQAAKGiqSwBqzwEAAEsBatABAABLAXVo211o3Iho3V1y5gEAAGjfTmjgfXLnAQAATmrPAQAAc2jifXLoAQAAKGiqXXLpAQAAaKphas8BAABdcuoBAABqzwEAAGFq0AEAAF1y6wEAAGrQAQAAYXVo52joaOlqsgEAAGjqiGjraOgpgXLsAQAAfXLtAQAAKGjuaO9o8Ilo8V1y7gEAAGjoKYFy7wEAAH1y8AEAACho7mjvaPCJaPFdcvEBAAAoaPYpgXLyAQAAfXLzAQAAKGj5atABAABo+miHaPto/Gj9atIBAAB1Ymj+iEsCdHL0AQAAYWoAAQAAXXViYWoAAQAAXXViagEBAABo6CmBcvUBAAB9cvYBAAAoaO5o72jwiWjxXWoAAQAAXXViagQBAACJdWJo+mqyAQAAagUBAAB9cvcBAAB1YlULc29ydF9maWx0ZXJYBwAAAGNvbXBhbnlVC3N1YnNfZXhwaXJ5aJRVCgfdBxAIJhMFPn5olSlScvgBAACGUnL5AQAAVRJfYXV0aF91c2VyX2JhY2tlbmRVKWRqYW5nby5jb250cmliLmF1dGguYmFja2VuZHMuTW9kZWxCYWNrZW5kVQhncm91cF9wa1gBAAAAMlUPc2hvd190aGlzX2dyb3VwaGpqsgEAAGhsTodScvoBAAB9cvsBAAAoaHFocimBcvwBAAB9cv0BAAAoaHWJaHZod3ViaJqKAQJqxQEAAFgNAAAAc2lyY2hlbiBncm91cHViVQxkYXlzX2VsYXBzZWRLAVUEcGF0aFgGAAAAL2hvbWUvcv4BAAB1Lg==','2013-07-16 08:40:38');
/*!40000 ALTER TABLE `django_session` ENABLE KEYS */;
UNLOCK TABLES;

--
-- Table structure for table `django_site`
--

DROP TABLE IF EXISTS `django_site`;
/*!40101 SET @saved_cs_client     = @@character_set_client */;
/*!40101 SET character_set_client = utf8 */;
CREATE TABLE `django_site` (
  `id` int(11) NOT NULL AUTO_INCREMENT,
  `domain` varchar(100) COLLATE utf8_unicode_ci NOT NULL,
  `name` varchar(50) COLLATE utf8_unicode_ci NOT NULL,
  PRIMARY KEY (`id`)
) ENGINE=InnoDB AUTO_INCREMENT=2 DEFAULT CHARSET=utf8 COLLATE=utf8_unicode_ci;
/*!40101 SET character_set_client = @saved_cs_client */;

--
-- Dumping data for table `django_site`
--

LOCK TABLES `django_site` WRITE;
/*!40000 ALTER TABLE `django_site` DISABLE KEYS */;
INSERT INTO `django_site` VALUES (1,'example.com','example.com');
/*!40000 ALTER TABLE `django_site` ENABLE KEYS */;
UNLOCK TABLES;

--
-- Table structure for table `introkick_company`
--

DROP TABLE IF EXISTS `introkick_company`;
/*!40101 SET @saved_cs_client     = @@character_set_client */;
/*!40101 SET character_set_client = utf8 */;
CREATE TABLE `introkick_company` (
  `id` int(11) NOT NULL AUTO_INCREMENT,
  `node_company` varchar(150) COLLATE utf8_unicode_ci NOT NULL,
  `node_title` varchar(100) COLLATE utf8_unicode_ci NOT NULL,
  PRIMARY KEY (`id`)
) ENGINE=InnoDB AUTO_INCREMENT=873 DEFAULT CHARSET=utf8 COLLATE=utf8_unicode_ci;
/*!40101 SET character_set_client = @saved_cs_client */;

--
-- Dumping data for table `introkick_company`
--

LOCK TABLES `introkick_company` WRITE;
/*!40000 ALTER TABLE `introkick_company` DISABLE KEYS */;
INSERT INTO `introkick_company` VALUES (1,'DeZyre','Co Founder'),(2,'LinkedIn','Sr. Data Scientist'),(3,'O\'Reilly Media','Author'),(4,'Google','Product Manager, Google+'),(5,'TenderTree','Founder'),(6,'LinkedIn','Senior Manager, Product Marketing'),(7,'Morrison & Foerster LLP','Associate'),(8,'LinkedIn','Senior Business Analyst'),(9,'Global Impact Collective','Chief Strategy & Technology Officer'),(10,'SAP','Director of Product Management'),(11,'Car2Go','Co-Founder'),(12,'Kirkland & Ellis LLP','Attorney'),(13,'Abbott Diabetes Care','HCP and CRM Marketing'),(14,'United Arab Bank','Board Member, Board of Directors'),(15,'Khalifa Fund for Enterprise Development (Abu Dhabi, UAE)','Senior Manager, Entrepreneurship Development'),(16,'No company specified','No title specified'),(17,'LinkedIn','Senior Product Recruiter'),(18,'Designer Fund','Director, Founding Team Member'),(19,'500 Startups','Venture Advisor, Founding Team Member'),(20,'Hasso Plattner Institute of Design at Stanford','Lecturer, Co-Instructor'),(21,'Olympus Partners','Private Equity Investor'),(22,'Forbes.com','Contributor'),(23,'Entrepreneurial-Spark','Mentor'),(24,'Awedience','Advisor'),(25,'Teamly','Cofounder & CEO'),(26,'Prince\'s Scottish Youth Business Trust','Volunteer Advisor'),(27,'University of Michigan Medical School','Medical Student'),(28,'Mori Hamada & Matsumoto','Partner'),(29,'Harvard Business School','Student'),(30,'Harvard Law School','Student'),(31,'Loyola Law School (Los Angeles)','Associate Professor of Law'),(32,'LinkedIn','Engineering Director'),(33,'Twitter','Software Engineer'),(34,'Allen & Overy LLP','Associate'),(35,'Université Paris II Panthéon-Assas (Secured Transactions)','Teaching Assistant'),(36,'Swaggable','Founder'),(37,'Frontier Strategy Group','Global Director of Marketing & Communications'),(38,'The China Observer','Founder and Author'),(39,'ByThePublic','Founder'),(40,'Google','Software Engineer in Test'),(41,'Huntsman Gay Global Capital','Business Development Officer'),(42,'Yahoo!','Sr. Product Manager | Search Monetization & Distribution'),(43,'Google','Partner Operations Manager, Google Shopping'),(44,'Harvard Law School Public Service Venture Fund','Board Member'),(45,'Goldman Sachs','Vice President'),(46,'Yahoo!','Sr. Director, Global Product Marketing'),(47,'Glenbrook Partners','Founding Partner'),(48,'Innovation Endeavors','Founder & Managing Partner'),(49,'LinkedIn','VP Marketing'),(50,'Pledge Guarantee for Health','Managing Director'),(51,'Vaurum','Founder/CEO'),(52,'Apsara','Writer/Founder'),(53,'Shorenstein Asia-Pacific Research Center, Stanford University','Communications and Outreach Coordinator'),(54,'LinkedIn','Senior Product Manager'),(55,'CM Equity Partners','Principal'),(56,'Chase Paymentech','Vice President of National Sales'),(57,'Harvard Law School','Clinical Professor of Law and Director, Harvard Negotiation & Mediation Clinical Program'),(58,'Westfield Capital','Equity research analyst'),(59,'LUMOback','Advisor'),(60,'Slice','VP Engineering, Co-Founder'),(61,'Innovation Endeavors','Advisor'),(62,'Daniel Boulud Ltd.','R&D Chef and Recipe Writer for My French Cuisine by Daniel Boulud with Bill Buford and Sylvie Bigar'),(63,'Three Day Rule','Founder | Advisory Board'),(64,'Los Angeles','Business Development and Training Professional'),(65,'Tava Indian Kitchen','Founder and CEO'),(66,'Brock Capital Group LLC','Chairman & CEO'),(67,'Brock Partners','Managing Partner'),(68,'Square','Software Engineer'),(69,'Thiel Macro','Portfolio Manager'),(70,'Thiel Capital','Portfolio Manager'),(71,'Clarium Capital Management','Research and Trading'),(72,'Supeek Educational Consulting (pronounced \"speak\")','Consultant, Corporate Language Training'),(73,'Saleschase.com Corporation','Executive/Co-Founder'),(74,'LinkedIn','Product Manager'),(75,'Lightspeed Venture Partners','Managing Director'),(76,'Apple','Manager, App Store'),(77,'Metamarkets','Sr. Product Manager'),(78,'SFBAYUX | UX Eye for the developer guy','Organizer'),(79,'LuckyMethod','Product Consultant'),(80,'Davis Polk & Wardwell LLP','Associate'),(81,'Lord Bertram, P.C.','Equity Partner - Fashion & Entertainment Attorney'),(82,'SOLZ shoes','CEO/Founder'),(83,'Epoch Elder Care','Founder & CEO'),(84,'Google','Product Manager'),(85,'PayPal','Head of Strategy and Operations, SMB Field Sales'),(86,'PayPal','Group Product Manager / Sr Manager - Checkout Optimization & Performance'),(87,'Activision','Vice President, Studio Finance & Operations'),(88,'Evernote','Director of Product Marketing'),(89,'Yahoo!','Product Marketing Director, Homepage and Search'),(90,'ChirpMe','Director of Engineering'),(91,'Best Delegate','Co-Founder'),(92,'Guittard Chocolate Company','Senior Business Systems Consultant'),(93,'LUMO BodyTech, Inc','Co-Founder & CTO'),(94,'Taiwanese American Citizens League (TACL)','National Vice President'),(95,'Deloitte Consulting','Senior Consultant'),(96,'Microsoft','Director, Strategy & Special Projects'),(97,'LinkedIn','Payments Operations'),(98,'LinkedIn','Senior Payment Product Specialist'),(99,'Cisco Systems','Smart and Connected Communities Strategy & Business Development Manager'),(100,'Grameen Foundation','Development & Communications'),(101,'Baylor College of Medicine','Assistant Professor'),(102,'Yahoo!','Sr. Product Manager - Yahoo! Homepage'),(103,'Flipkart.com','VP- Product Management'),(104,'Northface Holdings','Partner'),(105,'Prost Brewpub','Director'),(106,'Slickin.com','Founder'),(107,'Vertical Focus Inc','President'),(108,'Metals & Minerals LLC','Partner'),(109,'Convola Inc','President'),(110,'MicroStrategy','Education Lead'),(111,'IHS, Inc.','Senior Exploration Researcher'),(112,'Kleiner Perkins Caufield & Byers','Director'),(113,'WebCo','Sales Executive'),(114,'Education In Sight','Director of U.S. Operations'),(115,'Conlon Public Strategies','Project Manager'),(116,'Clifford Chance LLP','Senior Associate'),(117,'Skadden, Arps, Slate, Meagher & Flom LLP','Associate'),(118,'BNP Paribas','Portfolio Manager, US Risk Arb / Event (Prop Trading)'),(119,'ASUS','Global Social Media Manager'),(120,'Vurb','Product Engineer'),(121,'McKinsey & Company','Business Analyst'),(122,'PaperG','CTO and Co-Founder'),(123,'San Francisco Government Television','Media Production Technician'),(124,'Coalition of Asian Pacifics in Entertainment','Member'),(125,'Little Tokyo Historical Society','Filmmaker & Board Member'),(126,'Angel Island Immigration Station Foundation','Documentary Filmmaker and Media Producer'),(127,'Harmony Restaurant Group','Advertising Sales Associate'),(128,'Leapman Productions','Director & Media Producer'),(129,'Sutter Health','Administrative Fellow, Peninsula Coastal Region'),(130,'McKinsey & Company','Engagement Manager'),(131,'Silicon Valley Talent','Founder & CEO'),(132,'MIT/Stanford Venture Lab (VLAB)','Sponsorship Chair'),(133,'Hiplist','Founder'),(134,'Pensive Labs','Founder'),(135,'Cisco Systems','Senior Manager, Corporate Strategy'),(136,'MindSumo','engineer'),(137,'Enterprise Gamification Consultancy','Partner'),(138,'Aktana','Co-founder and Vice President, Products'),(139,'Innosight Institute','President'),(140,'Digital River','Director of Global Payments and Product'),(141,'SAP','Director Value Engineering'),(142,'UNIDO','Sustainability Research'),(143,'Cubehero','n/a'),(144,'Fair Work, P.C.','Principal & Co-Founder'),(145,'Harvard Law School','Lecturer-on-Law'),(146,'Fair Employment Project, Inc.','Board of Directors'),(147,'Overklok Inc','Co-Founder, Chief Experience Architect'),(148,'ServiceRocket','Technology Consultant'),(149,'Pereira & O\'Dell','Employee Services Coordinator'),(150,'Pereira & O\'Dell','Employee Services Assistant'),(151,'OSIsoft','HR Assistant'),(152,'Exygy','Chief Creative Officer'),(153,'McKinsey & Co.','Practice Manager, Travel, Transport & Logistics Practice'),(154,'ACLU','Advocacy and Policy Counsel'),(155,'LinkedIn','Product Lead, Mobile'),(156,'Startups & Incubators','Advisor & Mentor'),(157,'FellowUp','Co-founder'),(158,'McKinsey & Company','Sr. Associate'),(159,'True North Companies','Partner'),(160,'Michigan Economic Development Corporation','International Business Development Manager (China)'),(161,'Detroit Revitalization Fellows Program, Wayne State University','Fellow'),(162,'Tsinghua University','Translator'),(163,'Microsoft','Staffing Manager'),(164,'Seeds','Founder/CEO'),(165,'The Microlending Film Project','Director/Producer'),(166,'Two men and a brush','Painting contractor'),(167,'Permanent Solutions Group','Managing Partner'),(168,'ZenDeals','CEO & Cofounder'),(169,'Financial Advisor IQ, A Financial Times Service','Associate Editor'),(170,'Color Me Rad','Partner'),(171,'The Dirty Dash','Partner'),(172,'Kiva.org','Volunteer Translator'),(173,'Elementum SCM','Product Lead'),(174,'8villages','Corporate Adviser'),(175,'Office of Governor Andrew M. Cuomo','Assistant Counsel'),(176,'Quantcast','Lead Recruiter for Product Management, Marketing and G&A'),(177,'Silicon Valley','Advisor'),(178,'Google','Scaling Associate'),(179,'Google','Software Engineering Intern'),(180,'Carnegie Mellon University','Research Assistant'),(181,'McKinsey & Company','Associate Principal'),(182,'Thumbtack, Inc.','Co-Founder'),(183,'LinkedIn','Massage Manager/Lead Massage Therapist/Yoga Instructor'),(184,'Rejuv At Work','Founder and Director, Lead Massage Therapist and Instructor, Yoga Instructor'),(185,'Stanford University','Massage Instructor'),(186,'WatercourseWay','Massage Therapist'),(187,'Serge Bodywork and Yoga','Owner'),(188,'Trax Foundation','Founder'),(189,'Pixar Animation Studios','Film Finance Manager'),(190,'St. David\'s Episcopal Church','Director of Community Engagement'),(191,'self-employed','college essay coach, writing tutor'),(192,'University of Texas School of Journalism','lecturer'),(193,'The Muse Factory','Co-founder'),(194,'Active Voice','Board of Directors'),(195,'DaVita','Vice President- Strategic Development'),(196,'David Geffen School of Medicine at UCLA','Assistant Clinical Professor of Medicine'),(197,'Newco','Founder'),(198,'Awesome startups','Investor/Advisor'),(199,'Indiegogo','Education Vertical Lead and Vertical Team Ops'),(200,'An Executive Search Firm','Executive Director'),(201,'Winthrop Orthopaedic Associates','Attending Physician - Orthopaedic and Foot/Ankle Surgery'),(202,'JMI Equity','Associate'),(203,'Redstar Exchange LLC','CEO - Founder'),(204,'The Weatherly Group','President'),(205,'hybris','Director, Global ISVs'),(206,'CashEdge, a Fiserv Company','Director - Client Solutions'),(207,'FiveStars','CTO'),(208,'Dropbox','Account Executive'),(209,'Yahoo!','Sr Talent Acquistion Manager'),(210,'The Wharton School/University of Pennsylvania','PhD Student (Management: Micro-Organizational Behavior)'),(211,'Carnegie Mellon Silicon Valley','Associate Teaching Professor of the Practice'),(212,'LinkedIn','Sr. Engineering Manager/Agile Coach'),(213,'LinkedIn','Software Engineer'),(214,'Counsyl','Engineering Recruiter at Counsyl'),(215,'BINC','Recruiting Consultant'),(216,'Citadel Investment Group','Global Equities Associate'),(217,'White House Initiative on Asian Americans and Pacific Islanders','Senior Advisor'),(218,'Bonifacio Capital','Managing Director'),(219,'Harvard Club of the Philippines','Executive Director'),(220,'THE HSG','Director of Product Management'),(221,'EnACTing Innovation','Founder and CEO'),(222,'Netflix','Reliability Architect'),(223,'Year One Labs','Mentor/Advisor'),(224,'LinkedIn','Premium Products Adviser'),(225,'Various Clients','Freelance Copywriter'),(226,'Squadron for New York','Campaign Manager'),(227,'Stealth health services','Founder'),(228,'Google','Partner Manager -- Google Local Shopping'),(229,'Ben\'s Dry Ice','Founder and Chief Ice Monger'),(230,'Google','Product Specialist, Google Offers'),(231,'LinkedIn','Senior Director, Online Marketing'),(232,'Google','Executive Search Consultant'),(233,'Council of State Governments Justice Center','Program Director, Courts'),(234,'Yahoo!','Director, Corporate Development'),(235,'Symantec','Software Engineer'),(236,'U.S. Department of State','Foreign Service Officer'),(237,'The Tiziano Project','Board Member'),(238,'ClearSlide, Inc.','Technical Sourcer'),(239,'Nanyang Technological University','Chief Development Officer'),(240,'Flipboard Inc.','CTO'),(241,'Google','Principal - Corporate Development'),(242,'8 Gate Consulting, LLC','Founder and President'),(243,'Pacific Technology Partners','Co-Founder'),(244,'Pacific Private Equity Group','Founder & CEO'),(245,'Adchemy','Director, Product Management'),(246,'MedHelp','Mobile Developer'),(247,'FishStix','Contractor'),(248,'FishStix','Tech Editor'),(249,'LiveLeaf Bioscience','Logistics & Operations'),(250,'NAAAP-San Francisco','Board member & Sr. Advisor'),(251,'West Coast Floor Safety','President'),(252,'U.S. Court of Appeals for the Armed Forces','Judicial Law Clerk'),(253,'Matter.','Managing Partner'),(254,'California College of the Arts','Adjunct Professor, MBA in Design Strategy'),(255,'Capsule','Advisor'),(256,'Spaphile','Advisor'),(257,'Marriage.com','Co-Founder & Board Member'),(258,'The Wall Street Journal / Dow Jones & Company (a division of NewsCorp)','Executive Director, Ad Sales Strategy and Operations'),(259,'Ping Pong Productions','Director / Founder'),(260,'Selected Keynote Lectures and Panels','Speaker'),(261,'Velti','Accounting Manager'),(262,'ERIA (Economic Research Institute for ASEAN and East Asia)','Senior Policy Coordinator'),(263,'Research Institute of Economy, Trade and Industry','Consulting Fellow'),(264,'Simpson Thacher & Bartlett','Associate'),(265,'Calisto Labs','Developer & Co-Founder'),(266,'Ropes & Gray LLP','Attorney'),(267,'CBS This Morning Saturday','Producer'),(268,'CBS This Morning','Associate Producer'),(269,'Kappa Delta Chi Sorority Inc.','VP of Public Affairs'),(270,'CBS News','Associate Producer'),(271,'U.S. District Court, District of Oregon','Law Clerk'),(272,'McKinsey & Company','Associate'),(273,'Stanford University','PhD Candidate in Electrical Engineering'),(274,'Xtime','Investor'),(275,'Lumia Capital','Managing Partner'),(276,'CouchSurfing International','Investor'),(277,'MarkaVIP','Board Member'),(278,'Edthena','Founder & CEO'),(279,'Google','Associate Product Counsel'),(280,'Adam Glickman Quality Engineering','Project and Quality Engineer'),(281,'LinkedIn','Associate Product Manager'),(282,'Institute of International Education','Senior Program Officer'),(283,'Center for Asian American Media','Executive Director'),(284,'The Social Operation','Director of Education & Awareness / Board of Directors'),(285,'McKinsey & Company','Manager of Professional Development'),(286,'Wardrobe Therapy by Cindy Gordon (Lil Cin LLC)','Owner'),(287,'Conyers Dill & Pearman','Associate'),(288,'Browne George Ross','Attorney'),(289,'Cellebrite USA, Inc.','CEO'),(290,'Liu Grady Partners, LP','General Partner'),(291,'Stanford Law School','CodeX Fellow'),(292,'Think Computer Corporation','President & CEO'),(293,'Pandora','Vice President, Product Management'),(294,'Google','Employee Social Responsibility Program Manager'),(295,'SquareTrade','Board Observer'),(296,'BloomReach','Board Observer'),(297,'Bain Capital Ventures','Snr Principal'),(298,'Oaktree Capital Management','Vice President, Compliance, U.S. Regulatory Counsel'),(299,'Shutterfly, Inc.','Senior Attorney'),(300,'Franshion Properties','Compliance Manager'),(301,'LinkedIn','Staff Software Engineer'),(302,'LinkedIn','Associate, Business Operations'),(303,'Noca Inc','Founder'),(304,'Peer (http://peer.im)','Chief Hacker'),(305,'LinkedIn','Vice President, Product Management'),(306,'LinkedIn','Manager, LinkedIn Ads Support'),(307,'LinkedIn','Online Marketing Manager'),(308,'Zappos','Senior User Experience Designer'),(309,'Cravath, Swaine & Moore LLP','Associate'),(310,'Skadden, Arps, Slate, Meagher & Flom LLP & Affiliates','Associate, Corporate department'),(311,'The Social Club','Founder'),(312,'San Diego Wine Affair','Founder'),(313,'Cabrillo Connections','Chief Connector'),(314,'Green Acres Retirement','Owner/President'),(315,'Cabrillo Advisors, LLC','Founder/Managing Director'),(316,'LinkedIn','Finance Manager'),(317,'The Hamlin School','Choreographer for Musical Theater Elective'),(318,'Civic Arts (Diablo Ballet Training Program)','Dance Faculty'),(319,'Marin Dance Theater','Outreach Director/ Dance Faculty'),(320,'Berkeley Ballet Theater','Dance Faculty'),(321,'The College Preparatory School','Guest Choreographer'),(322,'Unnamed Health Care Startup','founder'),(323,'Stanford University','designer'),(324,'BloomReach','Product Manager'),(325,'Signature Labs Inc.','CEO / Founder'),(326,'LinkedIn','Web Developer Lead - Subscription, Sales Solution, and Payment'),(327,'Yahoo!','Senior Global Product Manager (Mobile)'),(328,'First Republic Bank','Senior Vice President'),(329,'MeyersGriggs','Partner'),(330,'V!ZOR, iNC','CEO, Founder'),(331,'Georgetown University Law Center','Adjunct Professor'),(332,'Wilson Sonsini Goodrich and Rosati','Associate'),(333,'Seongnam branch court','Presiding Judge'),(334,'Apple Inc.','iTunes Finance'),(335,'The Startup Foundry','Founder'),(336,'codesketch','Founder'),(337,'Innovation Endeavors','Founding Partner'),(338,'Yahoo!','Director, Global Media and Mobile & Emerging Products, Operations Finance'),(339,'WI Harper Group','Senior Associate'),(340,'WI Harper Group','Associate'),(341,'Ayla Networks','Investor'),(342,'Hangtime','Investor'),(343,'Signature Labs Inc.','Investor'),(344,'Authentic8','Board Member'),(345,'Ushi.com','Investor'),(346,'Corona Labs','Board Observer'),(347,'Splashtop Inc (formerly DeviceVM)','Advisor'),(348,'Merus Capital','Managing Director'),(349,'Airy Labs','founder'),(350,'Stanford University','PhD Candidate, Neuroscience Program'),(351,'Box','Chief of Staff'),(352,'Henry Review','Editor, Co-Founder'),(353,'Kovida IS','Director, Creative & Marketing'),(354,'PreProBono','Coordinator, Co-Founder'),(355,'Prime Produce','Prime Producer'),(356,'McKinsey & Company','Senior Associate'),(357,'Mochi Magazine','Co-Founder'),(358,'Wisdom Labs, LLC','Social Entrepreneur'),(359,'Predictive Edge','Co-Founder, CTO'),(360,'Various Fortune 500 Companies','Independent Consultant'),(361,'Proskauer Rose LLP','Associate'),(362,'Google Inc.','People Programs'),(363,'Blogger Factory','Founder'),(364,'Communicating For Business','Advisor'),(365,'Various Startups and Small Businesses','Strategy & Marketing Consultant'),(366,'HealthTap','Product Management Intern'),(367,'Google Ventures','Sourcing Partner'),(368,'Huntsman Gay Global Capital','Administrative Assistant'),(369,'LinkedIn','Manager, User Experience Design'),(370,'Arvato Digital Services','Corporate Counsel'),(371,'Amazon Web Services','Business Development Manager, VCs/Startups'),(372,'LinkedIn','Senior Software Engineer'),(373,'500 Startups','Mentor'),(374,'Colingo','Founder'),(375,'University City West Properties','Partner'),(376,'Emerging Technology Group, Cisco Systems.','Design Engineer'),(377,'LinkedIn','Director of Engineering, Monetization'),(378,'LinkedIn','Manager, System Integration/ Business Intelligence'),(379,'Wellesley College','Assistant Professor'),(380,'General Biologic','Manager, Commercial Effectiveness'),(381,'Sullivan & Cromwell','Associate'),(382,'Flint','Product'),(383,'LinkedIn','Business Operations, Online Monetization Lead'),(384,'Innovation Endeavors','Innovation Partner'),(385,'Sifteo','Director of Operations'),(386,'Tumblr','Engineer'),(387,'Diablo Ballet','Artistic Director'),(388,'Baylor College of Medicine','Researcher'),(389,'Nagashima Ohno & Tsunematsu','Associate'),(390,'The Echo Nest','Product Manager'),(391,'Misfit Wearables','Data Scientist'),(392,'Sensored','Founder & Community Organizer'),(393,'University of Southern California','Adjunct Professor'),(394,'The Case Coach, LLC','Founder, Career Coach'),(395,'www.melaniekannokada.com','Actress'),(396,'Hospital for Hope India','Co Founder'),(397,'Federal Reserve Bank of New York','Senior Trader/Analyst, Mortgage-Backed Securities'),(398,'LinkedIn','Senior User Experience Researcher'),(399,'Scoot Networks','Founder & CEO'),(400,'Survata','Co-Founder'),(401,'Keller Williams Cupertino','Certified Residential Specialist'),(402,'Google','Engineering (SWE) Recruiter'),(403,'LG Electronics','UX designer for Mobile Video app'),(404,'Edelman','Account Executive'),(405,'USC Marshall School of Business','Research Associate'),(406,'Francisco Partners','Associate'),(407,'DataHouse Consulting','President'),(408,'Bombfell Inc.','Co-Founder'),(409,'Wells Fargo Bank','Vice President'),(410,'LinkedIn','Business Development'),(411,'Solar One Media','Founder'),(412,'Verdigris Technologies','Business Development'),(413,'CPP Investment Board','Associate, Direct Private Equity'),(414,'FiftyThree, Inc.','Developer'),(415,'Insight Data Science','Founder'),(416,'Davis Polk & Wardwell','Associate'),(417,'Orrick, Herrington & Sutcliffe LLP','Managing Associate'),(418,'Pong360.com','Owner'),(419,'IK Partners','Founder'),(420,'LinkedIn','Sr. Software Engineer'),(421,'Kernel Networks, Inc','Co-founder'),(422,'Google, Inc.','People Programs Coordinator'),(423,'Kaplan Test Prep and Admissions','General Manager, Kaplan Test Prep International'),(424,'iProf  India','Board member'),(425,'KIMATHI KUENYEHIA & PARTNERS','MANAGING PARTNER'),(426,'LinkedIn','Senior Product Marketing Manager - Mobile'),(427,'San Francisco Symphony','Executive Assistant'),(428,'Nest Labs','Engineering'),(429,'ChannelBreeze','International Business Strategy, Development Consultant'),(430,'Dreams InDeed International','General Counsel and Program Associate'),(431,'A Different Engine','Producer'),(432,'HomeBase, The Center for Common Concerns','Staff Attorney'),(433,'Smule','Marketing Specialist'),(434,'Wells Fargo','Senior Vice President'),(435,'RollCall','Co-Founder'),(436,'IntoMobile','Co-Founder'),(437,'MediaFire.com','Co-Founder, VP of Product and Communications'),(438,'Jenner & Block','Paralegal Coordinator'),(439,'Milbank, Tweed, Hadley & McCloy LLP','Associate'),(440,'Show Media, LLC','Director of Engineering'),(441,'Wynnchurch Capital','Managing Director'),(442,'Huntsman Gay Global Capital','Managing Partner & Co-Founder'),(443,'Yahoo!','Senior Manager, Business Intelligence & Analytics'),(444,'San Francisco Shakespeare Festival','Executive Director'),(445,'LinkedIn','Web Developer'),(446,'Andrew Lee Art','Creative Director'),(447,'Columbia Business School','Adjunct Faculty'),(448,'Columbia Business School','Executive Director of Academic Integration'),(449,'37 Angels','Founder'),(450,'Delphinity','Consultant'),(451,'Pasteurization Technology Group (PTG)','COO & CFO'),(452,'Stickery','Co-founder & CEO'),(453,'Scribd','Software Developer'),(454,'LinkedIn','Associate User Experience Designer'),(455,'Orbis Investment Advisory','Analyst'),(456,'Aptjoy','Founder'),(457,'Google','Software Engineer'),(458,'Box','Corporate Account Executive, Mid Atlantic'),(459,'NASA Ames Research Center','Postdoctorate Research Scientist'),(460,'Opzi','Software Engineer Intern'),(461,'National Taiwan University Hospital','Staff Physician (M.D., Gastroenterology), Clinical Instructor'),(462,'Apex for Youth','Executive Director'),(463,'Qliki, inc','CEO and Co-Founder'),(464,'TagtoTrade','CEO and Founder'),(465,'PaperG, Inc.','Co-Founder'),(466,'Angie\'s List','Sr. Software Engineer'),(467,'Dishcrawl','Founder & CEO'),(468,'Scrappy Startup','Founder'),(469,'Friedman Kaplan Seiler & Adelman LLP','Attorney'),(470,'TunTunTuTu','Co-Founder'),(471,'Pacific Gas and Electric Company','Senior Program Manager, Gas Operations'),(472,'Dale Scott & Company','In-house Counsel'),(473,'City of Gilroy','Councilmember'),(474,'Google','Group Product Marketing Manager'),(475,'PayPal','Sr. Manager-Digital Goods Strategic Partnerships'),(476,'Sidley Austin','Counsel'),(477,'LinkedIn','Product Manager, Premium Subscriptions'),(478,'LinkedIn','Site Reliability Engineer'),(479,'Embrace','Co-Founder'),(480,'RentMetrics','Co-Founder'),(481,'MixRank','Co-founder'),(482,'Double Robotics','Customer Development'),(483,'Cecily\'s Closet','VP of Technology'),(484,'LinkedIn','Senior Product Marketing Manager'),(485,'DDB China Group','Head of design and arts'),(486,'albert lin photography','photographer'),(487,'Edelman Arts','Art Director'),(488,'albert lin design','Art director'),(489,'Albert Lin Design','Art / Creative Director'),(490,'LinkedIn','Associate UX Designer'),(491,'Citizen Schools','Civic Engagement Manager'),(492,'Autodesk','Marketing Operations and Brand Advocacy Manager'),(493,'Cornell University - S.C. Johnson School of Management','MBA Candidate, Class of 2013'),(494,'Simpson Thacher & Bartlett LLP','Associate'),(495,'build.ship.hustle','Founder & Career Coach'),(496,'Brocade','Product Manager'),(497,'Cargill','Corporate Vice President, Strategy & Business Development'),(498,'StartX','Member'),(499,'MediNexus','Co-founder'),(500,'Kony Solutions','Senior Manager,  Marketing Programs'),(501,'800 Birds','Executive Managing Director'),(502,'KarFarm','Board of Advisors'),(503,'Sony','Manager, Global Strategist of Web Analytics and Insights'),(504,'Studio Red Lion','Co-founder/Web Designer'),(505,'Tsinghua Alumni Association','Manager of Alumni Activity&Coorperation Dept.'),(506,'WI Harper Group','Chairman'),(507,'VoiceBunny','Chief Marketing Officer'),(508,'Lucid Label','President'),(509,'Endurance Investments S.A.','Director'),(510,'Endeavor','Voluntario'),(511,'LyondellBasell','Senior Process Safety Engineer'),(512,'Alpha Innotech Corporation','Business Development Associate'),(513,'Zopim PTE LTD','COO'),(514,'Orrick, Herrington & Sutcliffe LLP','partner'),(515,'Latham & Watkins','Associate'),(516,'Tory Burch','Project Manager, Global Store Design, Planning & Construction'),(517,'Latham & Watkins','Corporate Associate'),(518,'Centerpoint','Lead Recruiting Specialist'),(519,'Aktana','Product / Project Manager'),(520,'Computer History Museum','IT Manager'),(521,'Hacker Dojo','member'),(522,'McKinsey','Director'),(523,'Maxton Men','CEO & Founder'),(524,'Slice','VP Product & Marketing, Co-Founder'),(525,'Ayasdi, VideoGenie, Zappedy','Advisor'),(526,'Evernote','Product Manager of Commerce'),(527,'Google[x]','Recruiter'),(528,'Ruby on Trails Meetup','Organizer'),(529,'SDUncensored.com','Co-Founder/Admin'),(530,'Microryza','Special Initiatives'),(531,'SRI International','Director of Education Technology Production'),(532,'LinkedIn','Sr. Project Manager - Business Applications'),(533,'LinkedIn','Business Applications Engineer Lead'),(534,'Freelance Mobile App Development','iOS developer'),(535,'Yobble','CEO and Founder'),(536,'Stealth Labs','founder'),(537,'Digitapas LLC','Owner'),(538,'LinkedIn','Sr. Software Engineer, Revenue Applications'),(539,'Vinson & Elkins','Associate'),(540,'DeZyre','Co-founder & CEO'),(541,'True Link Financial','Co-Founder: Product & Marketing'),(542,'LinkedIn','Engineering Manager'),(543,'Forrer & Associates','Director'),(544,'U.S. Department of Labor, OFCCP','Special Assistant to the Director'),(545,'Box','Director, Engineering Services'),(546,'VA Palo Alto Health Care System','PGY1 Pharmacy Resident'),(547,'HelpStart.co','Ruby Developer + Founder'),(548,'Emotional Brain Training','CEO & Customer Service Team Member'),(549,'Kirkland & Ellis LLP','Associate'),(550,'The REXpedition','Founder'),(551,'Institute for the Future','Research Affiliate'),(552,'Sociate','President and founder'),(553,'J2 Health','Principal'),(554,'QuadrantTwo','Principal'),(555,'AdLast','Co-Founder and CEO'),(556,'SlugBooks','CEO/Founder'),(557,'Amazon','Executive Recruiting'),(558,'Facebook','Recruiter'),(559,'Independent','Entrepreneur and Advisor'),(560,'Advanced Energy Economy','Advisor'),(561,'GAVI Alliance','Senior Manager, Price Forecasting'),(562,'ClickRight','Co-Founder, Managing Partner'),(563,'IntoMobile.com','Advisor'),(564,'MediaFire.com','Co-Founder, Advisor'),(565,'ONEPASS Productions','Founder/President'),(566,'SigFig','Director, User Growth & Partnerships'),(567,'Foodoro','Founder & CEO'),(568,'Weil Gotshal and Manges','Associate - Tax'),(569,'Citigroup','EMEA Head of Business Advisory'),(570,'Prialto','Chief Operating Officer'),(571,'Unemployed','Ideafication Czar'),(572,'salesforce.com','Senior User Researcher'),(573,'Wanderlust Yoga & Music Festivals','Director, Volunteer Program'),(574,'KMA Consulting','Freelance Researcher'),(575,'Munger Tolles & Olson LLP','Associate'),(576,'Twitter','Recruiter'),(577,'Citi','Senior Vice President, Strategy, Citi Commercial Bank'),(578,'Flutter','Co-founder, product'),(579,'Opower','Director, Regulatory Policy & Research'),(580,'Hotels.com','Director of Destination Management (APAC & global geography data/tech strategy)'),(581,'eBrevia','Co-founder & COO'),(582,'Ivy Link','Founder'),(583,'The Reading Clinic','Educational Consultant'),(584,'Cambridge Associates','Legal Counsel'),(585,'Almanac of Style','Founder and Editor'),(586,'Iron Harbor Capital','Portfolio Strategist'),(587,'McKinsey & Company','Senior Expert'),(588,'CENTER FOR ASIAN AMERICAN MEDIA (CAAM)','Short Screening Committee'),(589,'REVELCADE ENTERTAINMENT','Co-Founder'),(590,'STANFORD CENTER FOR PROFESSIONAL DEVELOPMENT - STANFORD UNIVERSITY','Principal Studio Operator & Master Control Operator'),(591,'Deloitte','Manager'),(592,'Charles Armstrong School','Trustee'),(593,'Stanford University','Lecturer, Department of Electrical Engineering'),(594,'Dolomite Ventures Management','Partner'),(595,'Nagashima Ohno & Tsunematsu','Lawyer'),(596,'Aktana','Co-Founder, Vice President of Sales and Business Development'),(597,'Google','Tech Lead, Sr. Software Engineer'),(598,'Chase Paymentech','GM, SVP National Sales'),(599,'Olsen Solutions','Interim VP of Product Management, Product Management Consultant'),(600,'Harold O\'Neal Music','Composer - Producer - Public Speaker'),(601,'Love With Food','Founder & CEO'),(602,'Facebook','Director, Platform Partnerships & Operations'),(603,'Mori Hamada & Matsumoto','Professional Support Lawyer'),(604,'African Development Bank','Private Sector Investments'),(605,'Multilateral Investment Guarantee Agency (MIGA)','Financial Sector and Telecoms'),(606,'McKinsey & Company','Knowledge Operations Manager - Finance'),(607,'thoughtbot, inc.','Developer'),(608,'The Detroit Foundation','Founder'),(609,'Yahoo!','Director - Business Management & Analytics'),(610,'Yahoo!','Senior Manager - Operations Finance'),(611,'Yahoo!','Manager - M&A diligence'),(612,'FluentU','Founder'),(613,'Dropbox','BizOps / SalesOps'),(614,'Gorrissen Federspiel','Attorney-at-law/Associate'),(615,'Google','Head of Strategic Partnerships'),(616,'Friedman Fleischer & Lowe','Associate'),(617,'Paul Law Group, A Professional Corporation','Attorney'),(618,'Cupertino Chamber of Commerce','President-Elect, 2013'),(619,'Cupertino Parks and Recreation Commission','Commissioner and Vice-Chair'),(620,'LinkedIn','Senior User Experience Designer'),(621,'Pivotal Labs','Frontend Engineer and UX Designer'),(622,'LUMO BodyTech, Inc.','Co-Founder & CEO'),(623,'Orrick, Herrington, Sutcliffe','Associate'),(624,'Leapset','Software Architect'),(625,'Square','Machine Learning Engineering Manager'),(626,'Foundation Capital','EIR'),(627,'LinkedIn','Consultant - Finance - Business Process and Automation'),(628,'Julene Dee Pief, Consulting CPA','Consulting CPA'),(629,'Accepi','Co-founder'),(630,'EZquo.com','Founder'),(631,'Chronicle of Life','Founder and CFO'),(632,'UC Santa Cruz','Lecturer'),(633,'Signalfire','Product Engineer'),(634,'Kane Russell Coleman & Logan, PC','Attorney'),(635,'Demandforce, an Intuit Company','Lead Recruiter'),(636,'MedLion','Founder & CEO'),(637,'Dr. Q - VIP Medicine','Owner'),(638,'US Invest Group, Inc.','Managing Director'),(639,'TQ Capital','Managing Director'),(640,'McKinsey & Company','Partner'),(641,'Yahoo!','Senior Director, Product Management Yahoo! Communications (Yahoo! Membership, Profiles, Messenger)'),(642,'Afridi & Angell','Associate'),(643,'Leapset','Delivery Manager'),(644,'ProBueno','Founder'),(645,'LinkedIn','Group Product Manager'),(646,'Ernst & Young','Principal'),(647,'Wedding Party','Android Developer'),(648,'Cleveland Browns','Defensive Quality Control Coach'),(649,'4th and 1','Founder'),(650,'One Purpose School','Board Member'),(651,'21st Amendment','Board of Advisers'),(652,'Mondo Studios','Advisor'),(653,'EcoNet Ventures LLC/Latinum Network','Investor'),(654,'Reach Analytics','Investor'),(655,'Wealthfront Inc.','Investor'),(656,'TraceLink','Investor'),(657,'RapidBuyr','Investor'),(658,'Sokanu','Investor'),(659,'Attention Span Media LLC','Advisor'),(660,'LinkedIn','Senior Director of Business Development'),(661,'21st Amendment','Investor'),(662,'Origami Logic','Data Scientist'),(663,'GoPago','Founder + CEO'),(664,'The University of Texas System','Director'),(665,'YouTube/Google','Lead Recruiter, Content and Product Management'),(666,'Huntsman Gay Global Capital','Capital Advisor'),(667,'Russo Asset Management, Inc.','President'),(668,'Ruttenberg IP Law, a Professional Corporation','Principal'),(669,'Company in Stealth Mode','Entrepreneur'),(670,'Derwent Executive','Principal Consultant'),(671,'BitTorrent','Product Marketing Manager, Core Products (Mobile, Desktop, Remote)'),(672,'The Resolution Project','Fellow'),(673,'Mozilla','Labs/Identity'),(674,'Google','Emerging Platform Lead (SPD), Google Commerce'),(675,'WilmerHale','Counsel'),(676,'Law Offices of Fred Schnider','Attorney'),(677,'Kissinger Associates, Inc. / Office of Dr. Henry Kissinger','Senior Director'),(678,'Kinamik Data Integrity','CEO'),(679,'Mark Searle Consulting LLC','Principal'),(680,'YouTube','Sr. Strategist, New Partnerships & Development'),(681,'KISSmetrics','Co-Founder'),(682,'Crazy Egg, Inc.','Co-Founder'),(683,'Virata Capital Partners','Partner'),(684,'SecondMarket','Vice President, Private Company Market'),(685,'Entrepreneur\'s Census','Founder and Advisor'),(686,'HireArt','Co-Founder'),(687,'LinkedIn','Senior QA Engineer'),(688,'Yahoo!','Senior Product Manager - Search Distribution'),(689,'The Walt Disney Company','SVP, Walt Disney Parks & Resorts Online'),(690,'Smithsonian Institution','Presidential Innovation Fellow'),(691,'The Art of Ass-Kicking','Blogger'),(692,'@WalmartLabs','Principal Product Manager - Mobile Web & Analytics'),(693,'iPinYou','Co-founder and CTO'),(694,'Foton 福田集团','Senior Director, Head of Europe Operation 欧洲运营总监'),(695,'JMI Equity','Senior Associate'),(696,'Tencent','Corporate Development Associate'),(697,'Sanford C. Bernstein','Senior Research Associate, Global Biotech'),(698,'LinkedIn','Engineering Manager, Principal Engineer, Product Enthusiast, Monetization'),(699,'Twitter','Program Management, Mobile Product & Partnerships'),(700,'Global Cycle Solutions','Co-Founder and Director'),(701,'Vaunte','Co-founder and CTO'),(702,'Rocket Fuel Inc.','Director Product Marketing'),(703,'Seton Hall Law School','Associate Professor of Law'),(704,'Mayer Brown','Assoicate'),(705,'The BLK SHP Enterprises, Inc.','founder & president'),(706,'McKinsey & Company','Consultant'),(707,'CourseBrew','Co-founder and CEO'),(708,'CloudSquads','Director of Product Management'),(709,'Huntsman Gay Global Capital','Vice President'),(710,'Procopio, Cory, Hargreaves & Savitch LLP','Associate, Business & Technology Team'),(711,'Kirkland & Ellis LLP','Partner'),(712,'LinkedIn','Sr. Engineering Manager'),(713,'LinkedIn','Lead Product Manager - Payments Platform'),(714,'Merchant Risk Council','Payments Committee Member'),(715,'LinkedIn','Architect'),(716,'Transera','Director, Account and Program Management'),(717,'Scalr','Founder'),(718,'Silicon Valley Cloud Computing Group','Founder'),(719,'LinkedIn','Director of Legal'),(720,'McKinsey & Company','Principal'),(721,'IFTTT','Head of Business Development'),(722,'YouTube','Recruiter'),(723,'Goldman, Sachs & Co.','Investment Banking'),(724,'Hewlett-Packard','Legal Counsel'),(725,'International Fund for Agricultural Development','Data Consultant'),(726,'Clean Air Alliance for China','Consultant'),(727,'Natural Resources Defense Council','Project Manager of the China Energy Map'),(728,'energyfolks','Co-Founder & Co-Director'),(729,'Jones Day','Practice Planning & Analysis Coordinator-Renewable Energy and Insurance Recovery Practices'),(730,'LinkedIn','Director, Product Management at LinkedIn'),(731,'ZenDeals','Co-Founder & Chief Product'),(732,'McCorriston Miller Mukai MacKinnon','Partner'),(733,'Thumbtack.com','Co-Founder & President'),(734,'Posthaven.com','Cofounder'),(735,'Y Combinator','Partner'),(736,'Various Startups','Angel Investor'),(737,'McKinsey and Company','Engagement Manager'),(738,'OrderAhead','Director of User Acquisition'),(739,'JusCollege','CTO'),(740,'Tenacity Worx, LLC.','Managing Member'),(741,'SnapLogic','Director of Engineering'),(742,'Feingold O\'Keeffe Capital','Senior Managing Director- Head of Business Development and Client Services'),(743,'Ware Builders','Consultant'),(744,'Secolinsky Inc.','Founder'),(745,'Hammer Haley','Managing Partner'),(746,'Tower Arch Capital','Partner'),(747,'Deutsche Bank','Vice President | Mergers & Acquisitions'),(748,'Crowdbooster','Co-Founder'),(749,'Leaf Medium','Founder'),(750,'Diffbot','Machine Learning Engineer'),(751,'DCM','Investment VP'),(752,'OpenTable','Product Manager'),(753,'Wubyu','Startup Hacker'),(754,'Jonathan Tsai Consulting','Software Consultant'),(755,'Instart Logic','Advisor'),(756,'Flipboard Inc.','Product'),(757,'QBotix','Angel Investor'),(758,'Benchic Chocolate','Founder, Director of Events'),(759,'Karsch Capital Management','Analyst'),(760,'UC Berkeley Boalt Hall School of Law','Lecturer'),(761,'U.S. Attorney\'s Office','Assistant U.S. Attorney'),(762,'Thumper Studios','CTO/Co-founder'),(763,'Self - Employed','Child Protection Consultant'),(764,'Oakbrook Partners','Managing Director'),(765,'creativeLIVE','Director of Product Management'),(766,'Dana\'s Eye Photography','Owner'),(767,'Wafra Investment Advisory Group','Vice President - Alternative Investments'),(768,'Consumer Financial Protection Bureau','Senior Advisor, Office of the Director'),(769,'DoubleDutch','Head of Talent'),(770,'Animal Care and Control','Dog Volunteer'),(771,'LinkedIn','Staff Engineer'),(772,'RehabResources, Inc','OTR/L'),(773,'Inadco','Director, Product Management'),(774,'LinkedIn','Senior Data Warehouse Engineer'),(775,'LinkedIn','Business Development and Strategy'),(776,'Funders and Founders','Author'),(777,'vash.co','Co-Founder'),(778,'Funders and Founders','Chief'),(779,'Beiten Burkhardt','Legal'),(780,'Startup #3','Co-founder'),(781,'Great startups','Advisor / Mentor'),(782,'LinkedIn','Sr. Finance Audit and Compliance Manager'),(783,'Nagashima Ohno & Tsunematsu','Attorney-at-law'),(784,'Dow Jones Newswires','Reporter'),(785,'Random Hacks of Kindness','Core Team Member'),(786,'SecondMuse','Consultant'),(787,'Rainmaker, A Sereno Group Real Estate Team','Founder & Broker Associate'),(788,'Dropbox','Business Operations'),(789,'Standard Chartered Bank','Legal Counsel'),(790,'LinkedIn','Business Operations Associate - Product Operations'),(791,'Federal Reserve Bank of New York','Assistant Vice President and Counsel'),(792,'Kirkland & Ellis','Associate'),(793,'National Economic Council','Policy Advisor'),(794,'Innoblue','President'),(795,'Teach For China','Co-Founder and Advisor'),(796,'Menlo Ventures','Associate'),(797,'Architizer LLC','COO'),(798,'Institute of Culinary Education','Instructor'),(799,'DispatchNY','Founder'),(800,'NYC Food Truck Association','Founder & President'),(801,'Harvard Law School','Assistant Dean for Career Services'),(802,'University of California at Berkeley','Lecturer'),(803,'Susan Weber, College Advisor','Owner'),(804,'Berkeley Ballet Theater','Associate Artistic Director'),(805,'US Navy Reserve','Supply Corps Officer'),(806,'New York Life','Corporate Vice President, Office of Risk Management'),(807,'Bocarsly Emden Cowan Esmail & Arndt LLP','Associate'),(808,'Commerzbank AG','Director, Corporate Banking, Strategy & Projects'),(809,'Adura Technologies','Senior Firmware Engineer'),(810,'Atlantic Media','Correspondent to TheAtlantic.com'),(811,'Truman National Security Project','Associate Fellow'),(812,'Asia Society','ChinaFile Fellow'),(813,'Tea Leaf Nation','Co-founder and Co-editor'),(814,'Square 1 Bank','Vice President'),(815,'Stylus Labs','Founder'),(816,'HGGC, LLC','Compliance Coordinator'),(817,'Rock Health','Mentor'),(818,'Kinsights','Founder, CEO'),(819,'Freshfields Bruckhaus Deringer','Associate'),(820,'POM Wonderful','Chief Financial Officer'),(821,'Huntley Club','Founder & Owner'),(822,'Rally.org','Senior Director, Strategy'),(823,'Clerky, Inc.','Co-Founder & CEO'),(824,'Orrick Emerging Companies Group','Attorney'),(825,'Bit Vocal','Chief Executive Officer'),(826,'Redfin','Technical Recruiter'),(827,'Gibson, Dunn & Crutcher LLP','Partner and Co-Chair of Securities Enforcement Practice Group'),(828,'Mobnotate','Founder'),(829,'Sidecar','Executive Vice President, Product'),(830,'PaperG','CEO'),(831,'Stanford University','Coach'),(832,'Storied','Co-founder'),(833,'Out of the Deep Blue','Creative Director, Photographer & Filmmaker'),(834,'Macquarie Group','Managing Director, Corporate & Asset Finance (CAF)'),(835,'Globespan Capital Partners','Associate'),(836,'Love With Food','Front End Engineer'),(837,'Henry Wu Photography','Photographer / Web Developer'),(838,'New York Life Investment Management','Senior Associate'),(839,'Lulu Cloud','Contributor'),(840,'Bank of China (Hong Kong)','Senior Manager, Corporate Marketing Management'),(841,'Simpson Thacher & Bartlett LLP','Partner'),(842,'LinkedIn','Business Analytics Associate'),(843,'Quality Systems, Inc','Financial Analyst'),(844,'EAT Club','Founder'),(845,'Catalysis','Project Manager'),(846,'Traveling, Inc.','Interesting food/places curator'),(847,'Royal Court','CTO'),(848,'Crowdbooster','Co-Founder & CEO'),(849,'Tea Leaf Nation','Editor, Strategic Officer'),(850,'Twitter','Sales Finance and Revenue'),(851,'Intel Capital','Associate Investment Manager'),(852,'Intel Corporation','Accelerated Leadership Program Associate'),(853,'Metro Government of Nashville & Davidson County','Co-Chief Innovation Officer'),(854,'OpsVisibility, Inc.','Co-founder, OpsVisibility, StartX Accelerator'),(855,'Inflection','Associate of Product Analytics and Product Management'),(856,'LinkedIn','Vice President, Business Operations and Business Analytics'),(857,'Stone Korean Kitchen','Partner'),(858,'Dodge & Cox','Senior Associate'),(859,'TechPeaks','Participant'),(860,'Groupiphany','Coder & Founder'),(861,'Next Jump','Software Engineer'),(862,'Optimizely','Staff Accountant'),(863,'Facebook','Software Engineer'),(864,'Federal Reserve Bank of San Francisco','Credit and risk management'),(865,'Freelance','Writer, Editor and Producer'),(866,'Khan Academy','Chief of Staff'),(867,'LinkedIn','Business Analytics Director'),(868,'HelpPing','Founder'),(869,'Ballet San Jose','Executive Director'),(870,'IndieGoGo.com','Director of Product Operations'),(871,'MediaCo','Business Development'),(872,'VentureCo','Executive Recruiter');
/*!40000 ALTER TABLE `introkick_company` ENABLE KEYS */;
UNLOCK TABLES;

--
-- Table structure for table `introkick_company_grid`
--

DROP TABLE IF EXISTS `introkick_company_grid`;
/*!40101 SET @saved_cs_client     = @@character_set_client */;
/*!40101 SET character_set_client = utf8 */;
CREATE TABLE `introkick_company_grid` (
  `id` int(11) NOT NULL AUTO_INCREMENT,
  `company_id` int(11) NOT NULL,
  `grid_id` int(11) NOT NULL,
  PRIMARY KEY (`id`),
  UNIQUE KEY `company_id` (`company_id`,`grid_id`),
  KEY `introkick_company_grid_0316dde1` (`company_id`),
  KEY `introkick_company_grid_a17db085` (`grid_id`),
  CONSTRAINT `company_id_refs_id_96707682` FOREIGN KEY (`company_id`) REFERENCES `introkick_company` (`id`),
  CONSTRAINT `grid_id_refs_id_78daf664` FOREIGN KEY (`grid_id`) REFERENCES `introkick_grid` (`id`)
) ENGINE=InnoDB AUTO_INCREMENT=971 DEFAULT CHARSET=utf8 COLLATE=utf8_unicode_ci;
/*!40101 SET character_set_client = @saved_cs_client */;

--
-- Dumping data for table `introkick_company_grid`
--

LOCK TABLES `introkick_company_grid` WRITE;
/*!40000 ALTER TABLE `introkick_company_grid` DISABLE KEYS */;
INSERT INTO `introkick_company_grid` VALUES (1,1,1),(2,2,2),(3,3,2),(4,4,3),(5,5,4),(6,6,5),(7,7,6),(57,7,42),(8,8,7),(9,9,7),(10,10,8),(11,11,8),(12,12,9),(13,13,10),(14,14,11),(15,15,11),(17,17,13),(18,18,14),(19,19,14),(20,20,14),(21,21,15),(22,22,16),(23,23,16),(24,24,16),(25,25,16),(26,26,16),(27,27,17),(28,28,18),(29,29,19),(30,30,19),(31,31,20),(32,32,21),(33,33,22),(517,33,379),(34,34,23),(35,35,24),(36,36,25),(37,37,26),(38,38,26),(40,39,28),(41,40,28),(42,41,29),(44,42,31),(45,43,32),(46,44,33),(47,45,33),(48,46,34),(49,47,35),(50,48,36),(51,49,37),(52,50,38),(53,51,39),(54,52,40),(55,53,40),(56,54,41),(351,54,246),(419,54,293),(58,55,43),(59,56,44),(60,57,45),(61,58,46),(62,59,47),(63,60,47),(64,61,47),(178,61,129),(574,61,419),(807,61,598),(65,62,48),(66,63,49),(67,64,49),(68,65,50),(69,66,51),(70,67,51),(71,68,52),(72,69,53),(73,70,53),(74,71,53),(75,72,54),(76,73,55),(77,74,56),(934,74,694),(968,74,725),(79,75,58),(80,76,59),(81,77,60),(82,78,60),(83,79,60),(84,80,61),(236,80,167),(86,81,63),(87,82,63),(88,83,64),(89,84,65),(90,85,66),(91,86,67),(92,87,68),(93,88,69),(94,89,70),(95,90,71),(97,91,73),(99,92,75),(100,93,76),(101,94,77),(102,95,77),(103,96,78),(104,97,79),(105,98,79),(106,99,80),(107,100,81),(108,101,82),(109,102,83),(110,103,84),(111,104,85),(112,105,85),(113,106,85),(114,107,85),(115,108,85),(116,109,85),(117,110,86),(118,111,87),(119,112,88),(121,113,90),(122,114,91),(123,115,91),(124,116,92),(125,117,93),(126,118,94),(127,119,95),(128,120,96),(129,121,97),(776,121,573),(130,122,98),(131,123,99),(132,124,99),(133,125,99),(134,126,99),(135,127,99),(136,128,99),(137,129,100),(138,130,101),(283,130,199),(457,130,327),(511,130,374),(512,130,375),(608,130,446),(616,130,454),(873,130,648),(139,131,102),(140,132,102),(141,133,103),(142,134,103),(143,135,104),(144,136,105),(145,137,106),(146,138,107),(147,139,108),(148,140,109),(149,141,110),(150,142,111),(151,143,112),(152,144,113),(153,145,113),(154,146,113),(155,147,114),(156,148,115),(157,149,116),(158,150,116),(159,151,116),(160,152,117),(161,153,118),(162,154,119),(164,155,121),(165,156,121),(166,157,121),(167,158,122),(168,159,123),(169,160,124),(170,161,124),(171,162,124),(172,163,125),(173,164,126),(174,165,126),(175,166,127),(176,167,128),(177,168,129),(179,169,130),(180,170,131),(181,171,131),(182,172,131),(183,173,132),(184,174,132),(185,175,133),(186,176,134),(187,177,135),(188,178,136),(189,179,137),(190,180,137),(191,181,138),(309,181,217),(463,181,333),(582,181,426),(731,181,535),(739,181,542),(880,181,655),(192,182,139),(194,183,141),(195,184,141),(196,185,141),(197,186,141),(198,187,141),(199,188,142),(200,189,142),(201,190,143),(202,191,143),(203,192,143),(204,193,144),(205,194,144),(206,195,145),(207,196,145),(208,197,146),(209,198,146),(210,199,147),(211,200,148),(212,201,149),(213,202,150),(214,203,151),(215,204,151),(216,205,152),(217,206,153),(218,207,154),(219,208,155),(220,209,156),(221,210,157),(222,211,158),(223,212,158),(224,213,159),(249,213,177),(316,213,222),(398,213,275),(521,213,383),(669,213,496),(810,213,601),(930,213,690),(939,213,699),(225,214,160),(226,215,160),(227,216,161),(228,217,162),(230,218,164),(231,219,164),(232,220,165),(233,221,165),(234,222,166),(235,223,166),(238,224,169),(239,225,169),(240,226,170),(241,227,171),(242,228,172),(243,229,172),(244,230,172),(245,231,173),(246,232,174),(247,233,175),(248,234,176),(250,235,177),(251,236,178),(252,237,178),(253,238,179),(254,239,180),(256,240,182),(257,241,183),(258,242,184),(259,243,185),(260,244,185),(261,245,186),(262,246,187),(263,247,187),(264,248,187),(265,249,188),(266,250,188),(267,251,188),(268,252,189),(270,253,191),(271,254,191),(273,255,193),(274,256,193),(275,257,193),(276,258,194),(277,259,195),(278,260,195),(279,261,196),(280,262,197),(281,263,197),(282,264,198),(284,265,200),(285,266,201),(286,267,202),(287,268,202),(288,269,202),(289,270,202),(290,271,203),(291,272,204),(743,272,546),(292,273,205),(293,274,206),(294,275,206),(295,276,206),(296,277,206),(298,278,208),(299,279,209),(300,280,210),(301,281,211),(451,281,322),(302,282,212),(848,282,629),(303,283,213),(304,284,214),(305,285,214),(306,286,214),(307,287,215),(308,288,216),(310,289,218),(311,290,218),(312,291,219),(313,292,219),(314,293,220),(315,294,221),(317,295,223),(318,296,223),(319,297,223),(320,298,224),(321,299,225),(322,300,226),(323,301,227),(495,301,360),(324,302,228),(325,303,229),(326,304,230),(327,305,231),(328,306,232),(329,307,233),(330,308,234),(331,309,235),(952,309,710),(332,310,236),(333,311,237),(334,312,237),(335,313,237),(336,314,237),(337,315,237),(338,316,238),(339,317,239),(340,318,239),(341,319,239),(342,320,239),(343,321,239),(344,322,240),(345,323,240),(346,324,241),(347,325,242),(348,326,243),(349,327,244),(350,328,245),(352,329,247),(353,330,248),(354,331,249),(355,332,249),(615,332,453),(356,333,250),(357,334,251),(358,335,252),(359,336,252),(360,337,253),(362,338,255),(363,339,256),(364,340,256),(365,341,257),(366,342,257),(367,343,257),(368,344,257),(369,345,257),(370,346,257),(371,347,257),(372,348,257),(373,349,258),(374,350,258),(375,351,259),(376,352,260),(377,353,260),(378,354,260),(379,355,260),(380,356,261),(381,357,261),(383,358,263),(384,359,264),(385,360,265),(386,361,266),(387,362,267),(388,363,268),(389,364,268),(390,365,268),(391,366,269),(392,367,270),(393,368,271),(394,369,272),(395,370,273),(396,371,274),(397,372,275),(537,372,393),(399,373,276),(524,373,386),(400,374,276),(401,375,276),(402,376,277),(403,377,278),(404,378,279),(405,379,280),(406,380,281),(407,381,282),(408,382,283),(409,383,284),(410,384,285),(411,385,286),(412,386,287),(413,387,288),(414,388,289),(415,389,290),(416,390,291),(417,391,292),(418,392,292),(420,393,294),(421,394,294),(422,395,295),(423,396,295),(424,397,296),(425,398,297),(427,399,299),(428,400,300),(429,401,301),(431,402,303),(432,403,304),(433,404,305),(434,405,305),(435,406,306),(436,407,307),(437,408,308),(949,408,708),(438,409,309),(439,410,310),(440,411,311),(442,412,313),(443,413,314),(444,414,315),(445,415,316),(446,416,317),(447,417,318),(448,418,319),(449,419,320),(450,420,321),(452,421,323),(453,422,324),(454,423,325),(455,424,325),(456,425,326),(458,426,328),(459,427,329),(461,428,331),(462,429,332),(464,430,334),(466,431,336),(467,432,337),(468,433,338),(469,434,339),(470,435,340),(471,436,341),(472,437,341),(473,438,342),(474,439,343),(954,439,712),(475,440,344),(476,441,345),(477,442,346),(478,443,347),(479,444,348),(480,445,349),(698,445,516),(481,446,349),(482,447,350),(483,448,350),(484,449,350),(485,450,350),(486,451,351),(487,452,352),(488,453,353),(489,454,354),(490,455,355),(491,456,356),(493,457,358),(565,457,413),(494,458,359),(496,459,361),(497,460,362),(498,461,363),(499,462,364),(501,463,366),(502,464,366),(503,465,367),(505,466,369),(506,467,370),(507,468,370),(508,469,371),(509,470,372),(510,471,373),(513,472,376),(514,473,376),(515,474,377),(516,475,378),(518,476,380),(519,477,381),(520,478,382),(522,479,384),(523,480,385),(525,481,386),(526,482,387),(527,483,387),(528,484,388),(529,485,389),(530,486,389),(531,487,389),(532,488,389),(533,489,389),(534,490,390),(535,491,391),(538,492,394),(539,493,394),(540,494,395),(623,494,459),(541,495,396),(542,496,396),(543,497,397),(544,498,398),(545,499,398),(546,500,399),(547,501,400),(548,502,400),(549,503,401),(550,504,401),(551,505,402),(552,506,403),(553,507,404),(554,508,404),(555,509,405),(556,510,405),(558,511,407),(559,512,408),(560,513,408),(561,514,409),(562,515,410),(563,516,411),(564,517,412),(566,518,414),(567,519,415),(568,520,416),(569,521,416),(570,522,417),(571,523,418),(572,524,419),(573,525,419),(576,526,421),(577,527,422),(578,528,423),(579,529,423),(580,530,424),(581,531,425),(583,532,427),(584,533,427),(585,534,428),(586,535,428),(587,536,429),(588,537,430),(589,538,431),(590,539,432),(591,540,433),(592,541,434),(594,542,436),(908,542,673),(595,543,437),(596,544,438),(597,545,439),(598,546,440),(600,547,442),(601,548,442),(602,549,443),(603,550,444),(604,551,444),(605,552,444),(606,553,445),(607,554,445),(609,555,447),(610,556,448),(613,557,451),(614,558,452),(617,559,455),(618,560,456),(619,561,457),(620,562,458),(621,563,458),(622,564,458),(624,565,460),(625,566,461),(626,567,461),(630,568,465),(631,569,466),(632,570,467),(633,571,468),(634,572,469),(635,573,469),(636,574,469),(637,575,470),(638,576,471),(639,577,472),(640,578,473),(641,579,474),(642,580,475),(643,581,476),(644,582,476),(645,583,477),(646,584,478),(647,585,479),(648,586,480),(649,587,481),(650,588,482),(651,589,482),(652,590,482),(653,591,483),(654,592,484),(655,593,484),(656,594,484),(657,595,485),(658,596,486),(659,597,487),(660,598,488),(661,599,489),(662,600,490),(663,601,491),(664,602,492),(665,603,493),(666,604,494),(667,605,494),(668,606,495),(670,607,497),(671,608,497),(672,609,498),(673,610,498),(674,611,498),(675,612,499),(676,613,500),(677,614,501),(678,615,502),(679,616,503),(680,617,504),(681,618,504),(682,619,504),(683,620,505),(684,621,506),(685,622,507),(686,623,508),(688,624,510),(689,625,511),(690,626,512),(691,627,513),(692,628,513),(693,629,514),(694,630,514),(695,631,514),(696,632,514),(697,633,515),(699,634,517),(700,635,518),(701,636,519),(702,637,519),(703,638,520),(704,639,520),(705,640,521),(706,641,522),(707,642,523),(708,643,524),(709,644,525),(710,645,526),(711,646,527),(713,647,529),(714,648,530),(715,649,530),(716,650,531),(717,651,531),(718,652,531),(719,653,531),(720,654,531),(721,655,531),(722,656,531),(723,657,531),(724,658,531),(725,659,531),(726,660,531),(727,661,531),(728,662,532),(730,663,534),(733,664,537),(734,665,538),(735,666,539),(736,667,539),(737,668,540),(740,669,543),(741,670,544),(742,671,545),(744,672,546),(745,673,547),(746,674,548),(747,675,549),(748,676,550),(749,677,551),(750,678,552),(751,679,552),(752,680,553),(753,681,554),(754,682,554),(755,683,555),(756,684,556),(757,685,556),(758,686,557),(759,687,558),(760,688,559),(761,689,560),(762,690,561),(763,691,561),(764,692,562),(765,693,563),(766,694,564),(767,695,565),(768,696,566),(769,697,567),(770,698,568),(771,699,569),(772,700,569),(773,701,570),(774,702,571),(777,703,574),(778,704,575),(779,705,576),(780,706,577),(781,707,578),(782,708,579),(783,709,580),(784,710,581),(785,711,582),(786,712,583),(787,713,584),(788,714,584),(789,715,585),(790,716,586),(791,717,587),(792,718,587),(793,719,588),(794,720,589),(795,721,590),(796,722,591),(797,723,592),(798,724,593),(799,725,594),(800,726,594),(801,727,594),(802,728,594),(804,729,596),(805,730,597),(806,731,598),(808,732,599),(809,733,600),(811,734,602),(812,735,602),(813,736,602),(814,737,603),(816,738,605),(817,739,606),(818,740,606),(819,741,607),(820,742,608),(821,743,609),(822,744,609),(823,745,610),(824,746,611),(825,747,612),(826,748,613),(827,749,614),(829,750,616),(831,751,618),(832,752,619),(833,753,620),(834,754,620),(835,755,621),(836,756,621),(837,757,621),(838,758,622),(839,759,623),(840,760,624),(841,761,624),(842,762,625),(843,763,626),(844,764,627),(845,765,628),(847,766,628),(849,767,630),(850,768,631),(851,769,632),(852,770,632),(853,771,633),(854,772,634),(855,773,635),(856,774,636),(857,775,637),(858,776,638),(859,777,638),(860,778,638),(861,779,638),(862,780,639),(863,781,639),(864,782,640),(865,783,641),(866,784,642),(867,785,643),(868,786,643),(869,787,644),(870,788,645),(871,789,646),(872,790,647),(874,791,649),(875,792,650),(876,793,651),(877,794,652),(878,795,653),(879,796,654),(881,797,656),(882,798,656),(883,799,656),(884,800,656),(885,801,657),(886,802,658),(887,803,658),(888,804,658),(889,805,659),(890,806,660),(891,807,661),(892,808,662),(893,809,663),(894,810,664),(895,811,664),(896,812,664),(897,813,664),(898,814,665),(899,815,666),(901,816,668),(902,817,669),(903,818,669),(904,819,670),(905,820,671),(906,821,671),(907,822,672),(909,823,674),(910,824,674),(911,825,675),(912,826,676),(914,827,678),(915,828,679),(916,829,680),(917,830,681),(919,831,683),(920,832,683),(921,833,683),(922,834,684),(924,835,686),(925,836,687),(926,837,687),(927,838,688),(929,839,690),(931,840,691),(932,841,692),(933,842,693),(935,843,695),(936,844,696),(937,845,697),(938,846,698),(940,847,700),(941,848,701),(942,849,702),(943,850,703),(944,851,704),(945,852,704),(946,853,705),(947,854,706),(948,855,707),(950,856,709),(951,857,709),(953,858,711),(955,859,713),(956,860,713),(957,861,714),(958,862,715),(959,863,716),(960,864,717),(961,865,718),(962,866,719),(964,867,721),(965,868,722),(966,869,723),(967,870,724),(969,871,726),(970,872,727);
/*!40000 ALTER TABLE `introkick_company_grid` ENABLE KEYS */;
UNLOCK TABLES;

--
-- Table structure for table `introkick_grid`
--

DROP TABLE IF EXISTS `introkick_grid`;
/*!40101 SET @saved_cs_client     = @@character_set_client */;
/*!40101 SET character_set_client = utf8 */;
CREATE TABLE `introkick_grid` (
  `id` int(11) NOT NULL AUTO_INCREMENT,
  `node_mid` varchar(20) COLLATE utf8_unicode_ci NOT NULL,
  `node_first_name` varchar(50) COLLATE utf8_unicode_ci NOT NULL,
  `node_last_name` varchar(50) COLLATE utf8_unicode_ci NOT NULL,
  `node_location` varchar(50) COLLATE utf8_unicode_ci NOT NULL,
  `node_industry` varchar(50) COLLATE utf8_unicode_ci NOT NULL,
  `node_picture_url` varchar(255) COLLATE utf8_unicode_ci NOT NULL,
  `node_public_url` varchar(255) COLLATE utf8_unicode_ci NOT NULL,
  PRIMARY KEY (`id`),
  UNIQUE KEY `node_mid` (`node_mid`)
) ENGINE=InnoDB AUTO_INCREMENT=728 DEFAULT CHARSET=utf8 COLLATE=utf8_unicode_ci;
/*!40101 SET character_set_client = @saved_cs_client */;

--
-- Dumping data for table `introkick_grid`
--

LOCK TABLES `introkick_grid` WRITE;
/*!40000 ALTER TABLE `introkick_grid` DISABLE KEYS */;
INSERT INTO `introkick_grid` VALUES (1,'lfOiZAVMHo','Omair','Aasim','Chennai Area, India','E-Learning','http://m.c.lnkd.licdn.com/mpr/mprx/0_5R4EHm8d6m7MGaxQL4dzHDlQ6uZBaSOQFp2zHDrnJWubAdd6djHQQSkZHG4eSE0Ek4VNFEG6at7w','http://www.linkedin.com/pub/omair-aasim/5/a39/22a'),(2,'xe1PI8nhGx','Joseph','Adler','San Francisco Bay Area','Computer Software','http://m.c.lnkd.licdn.com/mpr/mprx/0_T_Ic9xSSLkbN4oR1TXok9pjidb-ZsoI1iC0e9pDY9C6e5mpPD5RRZyMKFdtbJDo088ddJUP6duWy','http://www.linkedin.com/in/josephadler'),(3,'oOPbtNf6NW','Ayush','Agarwal','San Francisco Bay Area','Computer Software','http://m.c.lnkd.licdn.com/mpr/mprx/0_upscW4FNWf9ouWVduJ4XWsiLdWXou7wdmZmeWsLq9frVPIyWhVERFVlVFkkzfeELS0ZdQjB-lBak','http://www.linkedin.com/in/ayushagarwal'),(4,'230R9wsLB0','Andy','Agrawal','San Francisco Bay Area','Computer Software','http://m.c.lnkd.licdn.com/mpr/mprx/0_dtjoYmk0bca5roG3bzSMYDN-51REt2P3wPdvYDX3s9fsSekT5ND6rSKfwgUvAItDHl0qlE9jibpK','http://www.linkedin.com/in/andyagrawal'),(5,'7SdlnpF3NH','Andrew','Ahn','San Francisco Bay Area','Internet','http://m.c.lnkd.licdn.com/mpr/mprx/0_Lw2NlIxNFqIBLenp5oywlW2NIAf9LeFpFd4IlexHq-R6V2ryWSpZ0HI6LM7dQ76rXeaEYfS49D-H','http://www.linkedin.com/in/ahntastic'),(6,'hCyoBkcSQ8','Matt','Ahn','San Francisco Bay Area','Law Practice','http://m.c.lnkd.licdn.com/mpr/mprx/0_FEYCEmpZn2x5bQDk5ISlEDYRNwUvb8Dk5SEjE20Qwm75ZXVXwummXuwesLREXb2e6Wyy5wSLvNeG','http://www.linkedin.com/pub/matt-ahn/0/193/569'),(7,'RSUDeaiSaB','Karan','Ahuja','San Francisco Bay Area','Internet','http://m.c.lnkd.licdn.com/mpr/mprx/0_HiYZ1HI8o1dLcE6Ye_7b1Eo-ePDeBuBYoTEF1wI8BzJZeH8OkLmNgIxmQYSBqwntdhyQp2JDpbbu','http://www.linkedin.com/in/ahujakaran'),(8,'YaOzm5D2jc','Michael','Aidane','San Francisco Bay Area','Information Technology and Services','http://m.c.lnkd.licdn.com/mpr/mprx/0_FEYCE7j6NIdUbiukWmxgE20nNwUvb8Dk5HEjE20Qwm75ZXVXwummXuwesLREXb2e6Wyy5w3k0ZDG','http://www.linkedin.com/in/maidane'),(9,'DVeCM1VtWc','Tanner','Ainge','Greater Chicago Area','Venture Capital & Private Equity','http://m.c.lnkd.licdn.com/mpr/mprx/0_ePvupaBTrtmLOlCiElc1puFmr-Zdp-tiEcT1pSkPfNuJin5_Xv58tDrgO049xzPfWKBt1o9eosZb','http://www.linkedin.com/in/tainge'),(10,'Gduhpqa7SI','Aditya','Ajwani','San Francisco Bay Area','Medical Devices','http://m.c.lnkd.licdn.com/mpr/mprx/0_zdfeRCOqXixPLEy3zmaRR3jRkFRKbdj3cHRcR3YoUXf8ZSoTMf0kvToXE7U7XapDqoDnqQuEIcog','http://www.linkedin.com/pub/aditya-ajwani/0/673/55a'),(11,'I2Z9oEn0-3','Najla','Al-Midfa','United Arab Emirates','Venture Capital & Private Equity','http://m.c.lnkd.licdn.com/mpr/mprx/0_izp7Yx3TzP8nl3_3_tyKYj83B1cnACP3T-HrYjtTe9iQa6kT712_rg67MgBWt5tDG9Olls2yeXq-','http://www.linkedin.com/pub/najla-al-midfa/1/ba4/665'),(12,'MhcNhV63cm','Sophie','Alexane','Greater New York City Area','Law Practice','No picture given','http://www.linkedin.com/pub/sophie-alexane/4/442/38'),(13,'DGUjEJECOZ','Mark','Alfaro','San Francisco Bay Area','Internet','http://m.c.lnkd.licdn.com/mpr/mprx/0_W1fpi2kjMgZRl_qqWc7ii7cgMMyIl5vqI-R_imF2QseRm3CNLz0rSaPGBApq-CN4erDG2dJttKI2','http://www.linkedin.com/in/alfaro'),(14,'X8s3b8DTdh','Enrique','Allen','San Francisco Bay Area','Design','http://m.c.lnkd.licdn.com/mpr/mprx/0_xrBNYrbDfPhfOYBT0nnbYPnCDnnSyjbTjt_IYtQt-PCg_MK319bZr--yi49t0VQSY1vElzNbf2hN','http://www.linkedin.com/in/enriqueallen'),(15,'SJ9Z0LGIi1','Jason','Allevato','Greater New York City Area','Venture Capital & Private Equity','http://m.c.lnkd.licdn.com/mpr/mprx/0_xtJM_NkGHJQupEXJxqVE_c6THxCDOfvJjrD6_cbrcsnj3wCM1NdvDB1O6AG-gHNzYlRbuKzI5AIu','http://www.linkedin.com/pub/jason-allevato/0/a46/978'),(16,'1-NAMFVt0F','Scott','Allison','Las Vegas, Nevada Area','Internet','http://m.c.lnkd.licdn.com/mpr/mprx/0_cCVuhCDiqVWfsXtzzLIxh3S89gO0ZGtzvha1hhaldZofbQ5vUko8m8sx41YhRLPJ9T4tfbrVH1Vv','http://www.linkedin.com/in/scottallison'),(17,'KjDt7hW7hT','D Ryan','Anderson','Greater Boston Area','Hospital & Health Care','http://m.c.lnkd.licdn.com/mpr/mprx/0_QQ0tAdp04KRNU8njXCODAEm8ZcS9BiFjXXIDAE0hb-M6ebrgo8fYxowanMDdqX6Ab5juOD3fcQfT','http://www.linkedin.com/pub/d-ryan-anderson/4/11a/581'),(18,'vcfnffPSd9','Hiroki','Aoyama','Japan','Law Practice','No picture given','http://www.linkedin.com/pub/hiroki-aoyama/3/630/169'),(19,'6U00i3lAGk','Marc','Appel','Greater Boston Area','Financial Services','No picture given','http://www.linkedin.com/pub/marc-appel/a/632/3ba'),(20,'KOmOzSJGCP','Hiro','Aragaki','Greater Los Angeles Area','Research','No picture given','http://www.linkedin.com/pub/hiro-aragaki/5/280/aa6'),(21,'oQi_5xStOo','Greg','Arnold','San Francisco Bay Area','Internet','http://m.c.lnkd.licdn.com/mpr/mprx/0_T8jL9RjKQ594cfmx36ps9ZDlXT_4cumxibds9Mu3RCBHHHM0DQDdZJ4fodiFNw7P8_0RJOY7b7y3','http://www.linkedin.com/in/arnoldgreg'),(22,'AlWxeApM20','Arya','Asemanfar','San Francisco Bay Area','Internet','http://m.c.lnkd.licdn.com/mpr/mprx/0_mB1VmsB0_jrEPpXw29rLm4vi70Q5Pxvw2nF5m4v_KVtvuRCIGli9hZ3STl6srZNb7NAXTxFV4B6O','http://www.linkedin.com/in/asemanfar'),(23,'mALf57EE0y','Jillian','Ashley','Greater New York City Area','Law Practice','http://m.c.lnkd.licdn.com/mpr/mprx/0__NWrbM3iVSXJObZsizm7bRPyVICcOXds39g7bRlpLSnF38OVftMpdUL-q6GHgiHnCBwaey7HDFN0','http://www.linkedin.com/pub/jillian-ashley/44/663/927'),(24,'ngNQ01bTqW','Pierre-Emmanuel','Audit','France','Law Practice','No picture given','http://www.linkedin.com/pub/pierre-emmanuel-audit/4/6bb/95b'),(25,'nbKXCi1u9R','Adnan','Aziz','San Francisco Bay Area','Marketing and Advertising','http://m.c.lnkd.licdn.com/mpr/mprx/0_-OwaAqPWvK5yf38jKRsjABhkcA3YfFKjKJxlABTZHBzmr_bgY4UGxcznJpTTuhlA1jWrOrP0wZN7','http://www.linkedin.com/in/adaziz'),(26,'iEpOoK5PeW','Joel D.','Backaler','Washington D.C. Metro Area','Management Consulting','http://m.c.lnkd.licdn.com/mpr/mprx/0_IUM7Se9HvUpHDktEdpZpSo5dBjH57C1Ed0SrSovveUpvK6XobgW_iE3UMres25-QoZUlCSFbIxd4','http://www.linkedin.com/in/joelbackaler'),(27,'R16rJVD7b_','Jieun','Baek','Greater Boston Area','Government Relations','http://m.c.lnkd.licdn.com/mpr/mprx/0_SEVdfpyE5036FmGXimInfYMLbx9XIm-X7wanfxsBZJGqqoLk3uoLT0aMWtnReW1HuW4ch4HJ3t_F','http://www.linkedin.com/pub/jieun-baek/26/9b5/5b6'),(28,'VgkVCxcSiW','ABHISHEK','BANSAL','San Francisco Bay Area','Computer Software','http://m.c.lnkd.licdn.com/mpr/mprx/0_SLdsnYEhIF6LR7etDkM5njJ3WGlkUWZt7TjLnpRpnk5NkD7-3iJn4y7-bfAU4mMYu6IkMUd2O1a6','http://www.linkedin.com/in/uscgradabhishekbansal'),(29,'L56uVgAXmM','Harv','Barenz','San Francisco Bay Area','Venture Capital & Private Equity','http://m.c.lnkd.licdn.com/mpr/mprx/0_GNQk2Jh8GjiXtsKdGBXB2s37C4kNYJ3dhPtR2UlggYKkTg9WmtneCRLPuzXwjOhLiBksipfMdFFu','http://www.linkedin.com/pub/harv-barenz/17/192/174'),(30,'SHxFu6ETNx','Sheila Vera','Barrett','Greater New York City Area','Law Practice','No picture given','http://www.linkedin.com/pub/sheila-vera-barrett/3/498/b2a'),(31,'4LSwzDD2dq','Eric','Bautista','Greater Los Angeles Area','Marketing and Advertising','http://m.c.lnkd.licdn.com/mpr/mprx/0_M3jGd3EYnwjg9QSXMbOjd_d-NWsSN82XR6dgdCo3wumgwXRkzFDabGYfsFVtcbDHZG0p6Lq8T-08','http://www.linkedin.com/in/ebautista'),(32,'wQnXOarKiu','Meg','Bayer Mason','San Francisco Bay Area','Internet','http://m.c.lnkd.licdn.com/mpr/mprx/0__NWrbZGpZfFcOGes3qZfbRGhVeCcOXds39g7bRlpLSnF38OVftMpdUL-q6GHgiHnCBwaey_dcKn0','http://www.linkedin.com/in/megbayermason'),(33,'rrZ33Oq1lf','Joshua','Bedell','Greater New York City Area','Investment Banking','http://m.c.lnkd.licdn.com/mpr/mprx/0_e0hbvuqv88MIiUSPopANvanU8_0d342PoOq4vakwx8IJOyR1XJrwRmr5mIx9C0DxWpGMsWnYfVDQ','http://www.linkedin.com/pub/joshua-bedell/0/b79/934'),(34,'SSww5qSoTD','Grant','Belaire','San Francisco Bay Area','Marketing and Advertising','http://m.c.lnkd.licdn.com/mpr/mprx/0_rmBXqK2w355gHRprrHQRq1gc3QPjej2r-o_Uq1ScOhbDBMRKyebHsPJJfw1GIVDpASvVRN1B2BtU','http://www.linkedin.com/in/grantbelaire'),(35,'Tsd37S4hYh','Carol Coye','Benson','Medford, Oregon Area','Management Consulting','http://m.c.lnkd.licdn.com/mpr/mprx/0_8D2tXJmqJWXVQFUsCafSXspVRdGVkkwsCW4DXs7wX79oUhyV2IpYEVR5zXCLF_EnTaauIjgCgYWp','http://www.linkedin.com/in/carolcoyebenson'),(36,'jL7PH3fc5v','Dror','Berman','San Francisco Bay Area','Venture Capital & Private Equity','http://m.c.lnkd.licdn.com/mpr/mprx/0_XUxLRHKBFbYN_DmDXZfVRwAnbkIq_mmDQJwsRwr5ZG0XyoMSeg7dvIkwWWwIhW73LZgRq2CEOKZj','http://www.linkedin.com/in/drorberman'),(37,'dkYgqoe1YI','Nick','Besbeas','San Francisco Bay Area','Internet','http://m.c.lnkd.licdn.com/mpr/mprx/0_lxZqPrt5kzXt2d6P1JVFPttXe9PY2u6PPRuwPP3zBKbm1HA1jMe4j1vRQR1T7wFxKysoyq1B1KwQ','http://www.linkedin.com/in/nickbesbeas'),(38,'0knFMOUtmy','Aron','Betru','Washington D.C. Metro Area','Nonprofit Organization Management','http://m.c.lnkd.licdn.com/mpr/mprx/0_R7Vm6CJLR2UaokDzvwZj6hsWcwOfECjzvIaA6heqHeo0v6ovBWoCe8pVJiYrd5pJVu4KdbnASu8j','http://www.linkedin.com/pub/aron-betru/0/217/557'),(39,'bmrGcyUZds','Avish','Bhama','San Francisco Bay Area','Internet','http://m.c.lnkd.licdn.com/mpr/mprx/0_66Vqgu0_IB2F4DFhkGIFgfp8IcMBsmQhXFawgfy-qlSb5ol8Eho417HpLVJeJWb2FL4oteaDjeYf','http://www.linkedin.com/in/avishbhama'),(40,'TnMfd6AyrY','Sarah','Bhatia','San Francisco Bay Area','Writing and Editing','http://m.c.lnkd.licdn.com/mpr/mprx/0_Vu55rTsw3tS2WYiPsDFsriDQTqxSwZiPZSlVriEVYAwgNpq1nEvWY_Oq7s0tHxGxR7bU0kqNVod9','http://www.linkedin.com/pub/sarah-bhatia/5/a3a/181'),(41,'gzUHuHtdFj','Zal','Bilimoria','San Francisco Bay Area','Internet','http://m.c.lnkd.licdn.com/mpr/mprx/0_QoM0AHjeMzo9oFkjXuR2AwYkUAS9oCNjXIS8AE0vkqM6z6_go2W1xowUvxDdW5vAbdU3ODTN6b2c','http://www.linkedin.com/in/zalzally'),(42,'uZigjqb-Df','Gabriel','Bloch','China','Law Practice','http://m.c.lnkd.licdn.com/mpr/mprx/0_DBwsjM6ConCo0akDf9u5jV6Cotb50wND7zxLjVvYzqPvhf_STlUnPs3KXxFsyuv32NWk-gwPtGOO','http://www.linkedin.com/pub/gabriel-bloch/7/195/81a'),(43,'EQBiMHO0f-','Katherine','Boas','Greater New York City Area','Financial Services','http://m.c.lnkd.licdn.com/mpr/mprx/0_lxZqPA-IEBcK2dBPAgwIPPAvevPY2u6P1juwPP3zBKbm1HA1jMe4j1vRQR1T7wFxKysoyqPrk57Q','http://www.linkedin.com/in/kboas'),(44,'ENqzl4ZQlf','Meghan','Bondy','Washington D.C. Metro Area','Financial Services','http://m.c.lnkd.licdn.com/mpr/mprx/0_r9mLMBifQL-jrua7KzS9Mz3PX65lrEa7tAssMzKfRilTfaJfyrYdcvX3oeLmPSf_AzuRntmdbu1l','http://www.linkedin.com/pub/meghan-bondy/6/25a/811'),(45,'Pe8l-w2KB0','Robert','Bordone','Greater Boston Area','Higher Education','http://m.c.lnkd.licdn.com/mpr/mprx/0_oFea4EWS9_pFZQS2EbMA4dMuNiWb4Qp2ehyl4dVyw6gBFGIuQ3ZGnWmtsSdZUTjhIXErcmXQ0VpX','http://www.linkedin.com/pub/robert-bordone/0/256/3a3'),(46,'CUdgr8Jcej','Anupam','Bose','Greater Boston Area','Investment Management','No picture given','http://www.linkedin.com/pub/anupam-bose/1/b27/a05'),(47,'56_9hQKXV9','Eric','Botto','San Francisco Bay Area','Internet','http://m.c.lnkd.licdn.com/mpr/mprx/0_IyKoX7NU72eQiManIxlJX2LV_uOW3xxnd4kvX2LbyooMORe9bs86EulWSTYnCZYsoxtqIwUCRoES','http://www.linkedin.com/pub/eric-botto/12/b02/76'),(48,'3i8nQ4DUUH','Chad','Brauze','Greater New York City Area','Food & Beverages','http://m.c.lnkd.licdn.com/mpr/mprx/0_KMzyHBKLx2K0mrMo-g-_Hz-Qxf5K2P4o-R3iHztv8Wl81cfEpxLKQv6UlGL77NJ6lscCFthjpCuN','http://www.linkedin.com/in/cbrauze'),(49,'BZlj7eFRJu','Val','Brennan','Greater Los Angeles Area','Management Consulting','http://m.c.lnkd.licdn.com/mpr/mprx/0_in1UQMlx7oXqlMEZSrrHQRtgfH39lxsZ3BFXQR1hrIz6mRS47KiBHUba38Td-ZUNGvA5WyDmmCCZ','http://www.linkedin.com/in/vkbrennan'),(50,'KI0-fp0UwX','Vijay','Brihmadesam','San Francisco Bay Area','Investment Management','No picture given','http://www.linkedin.com/in/brihmadesam'),(51,'KZlQokyY12','Charles','Brock','Greater New York City Area','Investment Banking','http://m.c.lnkd.licdn.com/mpr/mprx/0_KMzyHB1WgIrhurWoOOv_HqPExf5K2P4otZ3iHztv8Wl81cfEpxLKQv6UlGL77NJ6lscCFthdRQdN','http://www.linkedin.com/pub/charles-brock/0/93/b00'),(52,'I1uodBRIJn','Nathan','Broyles','San Francisco Bay Area','Computer Software','http://m.c.lnkd.licdn.com/mpr/mprx/0_yths_lBj209u-U5vYzC5_1kx2xPut4qvOrqL_1XS1JbySyizrNrnDPK_Gt1PA0zMglGkuNVqiMFT','http://www.linkedin.com/in/nathanbroyles'),(53,'RP1wOKOYAk','Ryan','Brumberg','Greater New York City Area','Investment Management','http://m.c.lnkd.licdn.com/mpr/mprx/0_HOKl9HvJ0kIL39s0Ex9G9EBz0bmeiPE0oska9wbXh3sZpcgxk48gZI1oAEaB8Nw1djt7J2zkuGct','http://www.linkedin.com/pub/ryan-brumberg/1/2bb/969'),(54,'pTQIRBnUr7','Ilona','Budapesti','San Francisco Bay Area','Education Management','http://m.c.lnkd.licdn.com/mpr/mprx/0_C-W9Us-fEXPnPHZ2Gte5U4PaoFLJxHd28ngWU4GxzTAd8uOuaqMVzZnlXo56pfHh_AwHNxK2b4dc','http://www.linkedin.com/in/ilonabudapesti'),(55,'EsDo9u6ePW','David','Bui','San Francisco Bay Area','Computer Software','http://m.c.lnkd.licdn.com/mpr/mprx/0_HiYZ1HDjEqE5BEbYE5gb1w2-erDeBuBYETEF1wI8BzJZeH8OkLmNgIxmQYSBqwntdhyQp2vBB1Tu','http://www.linkedin.com/in/davetbui'),(56,'4yTn1o-t8R','Elizabeth','Burstein','San Francisco Bay Area','Computer Software','http://m.c.lnkd.licdn.com/mpr/mprx/0_hC1YLyfxtSF44KUq8ThDL0D-Y7rRq1UqC_F3L0ShTdXIIBuNukitwxJaKCKXBqs43TA8oZ1v-MU9','http://www.linkedin.com/in/elizabethburstein'),(57,'DW9pP481PU','Colin','Butnick','San Francisco Bay Area','Venture Capital & Private Equity','No picture given','http://www.linkedin.com/pub/colin-butnick/0/65/3a2'),(58,'byAbk0M5rO','Justin','Caldbeck','San Francisco Bay Area','Financial Services','No picture given','http://www.linkedin.com/pub/justin-caldbeck/4/206/101'),(59,'viJEaE2en0','Chris','Campbell','San Francisco Bay Area','Entertainment','http://m.c.lnkd.licdn.com/mpr/mprx/0_9Nf_3bPp9OIOtQiU9KHy3XrlqZ2A-LiUN9Rp3Ll2Ig43DTqRst0775LGV9ualGGBcBDgaCfKvuNN','http://www.linkedin.com/in/ccsbandwagon'),(60,'CZmsGttXNF','Luca','Candela','San Francisco Bay Area','Internet','http://m.c.lnkd.licdn.com/mpr/mprx/0_T8jL9VS0HkXZcd0x__pV9MjKXX_4cumx_Xds9Mu3RCBHHHM0DQDdZJ4fodiFNw7P8_0RJOOVfmY3','http://www.linkedin.com/in/lucacandela'),(61,'O-bhKMrr_p','Vincent','Cannon','San Francisco Bay Area','Law Practice','http://m.c.lnkd.licdn.com/mpr/mprx/0_mB1VmUq17pNLlV5wuvTdmJnA7yQ5Pxvw2nF5m4v_KVtvuRCIGli9hZ3STl6srZNb7NAXTxwPiSTO','http://www.linkedin.com/in/vcannon'),(62,'ilquxVYgsl','Stephen','Carlson','Dallas/Fort Worth Area','Investment Management','No picture given','http://www.linkedin.com/pub/stephen-carlson/0/103/739'),(63,'vjFffSpeMV','Brad','Carrick','San Francisco Bay Area','Apparel & Fashion','http://m.c.lnkd.licdn.com/mpr/mprx/0_2weeFyMHXw_QIEDB2DocF0eFkDrbWEjBmuycF0VJUHXBnaoc8SZkWxmcE_KZoSpUDeEnHZX8_R28','http://www.linkedin.com/pub/brad-carrick/3/477/852'),(64,'nY4QFrV5pA','Kabir','Chadha','Gurgaon, India','Health, Wellness and Fitness','http://m.c.lnkd.licdn.com/mpr/mprx/0_r9mLMnPj6LtYtu77-BOsMz9AX55lrEa7tcssMzKfRilTfaJfyrYdcvX3oeLmPSf_AzuRntCFVSNl','http://www.linkedin.com/pub/kabir-chadha/13/734/404'),(65,'ILXBERvI6S','Indranil','Chakraborty','San Francisco Bay Area','Internet','http://m.c.lnkd.licdn.com/mpr/mprx/0_eMnW9wNH8kw6a0fx60b99dzeGGfLu00xoYC99HNqjFRzPUH0XxQ5ZehV2u7Vf4OPWsNBJ7oKiI1h','http://www.linkedin.com/pub/indranil-chakraborty/1/211/918'),(66,'BWOvy8_xTs','Raja','Chakravorti','San Francisco Bay Area','Internet','http://m.c.lnkd.licdn.com/mpr/mprx/0_fquK8j5xMYBXAhkqTPp_8xFAMUKQ15kqSnZf8YqaQYkn23PN_-yyaO8hBzrMKC54acmm7JQpkN_Q','http://www.linkedin.com/pub/raja-chakravorti/b/5a5/812'),(67,'rFr9ELOiHf','Desmond','Chan','San Francisco Bay Area','Internet','No picture given','http://www.linkedin.com/in/dkc8888'),(68,'QxKSmH5UGl','Eddie','Chan','Greater Los Angeles Area','Entertainment','http://m.c.lnkd.licdn.com/mpr/mprx/0_-vl8En8CpI-g--YHy-c0EqcYrSQtKlmHyA50EqACfmtC7zMeYPTuXN5uOL6S1n7X1nPY5PfYToSY','http://www.linkedin.com/in/eddietchan'),(69,'JPCapIz1vZ','Edward','Chan','Beijing City, China','Computer Software','http://m.c.lnkd.licdn.com/mpr/mprx/0_UciCe3N1rD2ttzSbMK5je_XrtdVG-zSbJvcje_92S7a-DlsFcA1m6iCGyXsjl-uwsq3ybXHFnEtL','http://www.linkedin.com/in/edwardkkchan'),(70,'T-lntxiUCe','Hilda','Chan','San Francisco Bay Area','Internet','http://m.c.lnkd.licdn.com/mpr/mprx/0_oivHPaRD3KIkRZl1o3tUPSd33rOIUYr1HbTBPuIrOnoRkVFPQL5Xj2xOfjYq4MA0IhB9yIJtE4-D','http://www.linkedin.com/in/hildachan'),(71,'oKvy9k9htf','Jack','Chan','San Francisco Bay Area','Internet','http://m.c.lnkd.licdn.com/mpr/mprx/0_GNQk24t_hZlnOsAdhKTU2UlSCUkNYJ3d8vtR2UlggYKkTg9WmtneCRLPuzXwjOhLiBksip7S_U8u','http://www.linkedin.com/in/jackchan'),(72,'8SBiI7jCJk','Joanna','Chan','San Francisco Bay Area','Medical Practice','No picture given','http://www.linkedin.com/pub/joanna-chan/0/28/b4b'),(73,'WWyXwqWliA','Kevin Felix','Chan','Greater Los Angeles Area','Education Management','http://m.c.lnkd.licdn.com/mpr/mprx/0_izp7YY3yvA-J13G3TvfrYjz3BKcnACP3TBHrYjtTe9iQa6kT712_rg67MgBWt5tDG9OllsugaHh-','http://www.linkedin.com/in/kevinfelixchan'),(74,'hWY1kgRfcr','Tina','Chan','Greater New York City Area','Law Practice','No picture given','http://www.linkedin.com/pub/tina-chan/14/1b5/743'),(75,'vT6o79FTbs','Presley','Chan, PMP','San Francisco Bay Area','Information Technology and Services','No picture given','#'),(76,'4NWYd77G9x','Andrew','Chang','San Francisco Bay Area','Health, Wellness and Fitness','http://m.c.lnkd.licdn.com/mpr/mprx/0_vtozjC_TbnmyymN3RzsEj38mwcRjYek3crOEj3TgN-fDT2PTJNVJPTzP5MUGj75DNlHI-Q0MqCAy','http://www.linkedin.com/in/andrewrchang'),(77,'yzQs2S1yci','Chris','Chang','San Francisco Bay Area','Management Consulting','http://m.c.lnkd.licdn.com/mpr/mprx/0_pl4feBcDvW_8xCOwOvEpeq5iBf6Sx3OwYK2Kez61eW-g85dIKBHi6vtjMGQtp60bjtVAbt4cHBZP','http://www.linkedin.com/in/chriskchang'),(78,'08EIoFy_mU','Michael','Chang','Greater Seattle Area','Computer Software','http://m.c.lnkd.licdn.com/mpr/mprx/0_RSNOt_WvYNVCIKBAM25Dth4eY1g7WK9AME8TthWzT9Wxnq3lBwk-p8jRKgjKoBcjVmnhgbRg2YaA','http://www.linkedin.com/pub/michael-chang/0/78a/b9b'),(79,'wqsW9zkk20','Mui Anne','Chang','San Francisco Bay Area','Internet','http://m.c.lnkd.licdn.com/mpr/mprx/0_k14DPH8Tn1gn0Tr0kveYPwlGnrmJgTl06l2tPwCKWzsdCLQxHzH3jI9YZYa6OQK15rV1y2ri9UTo','http://www.linkedin.com/in/muiannechang'),(80,'4Aemj644xa','Bryan','Chao','Shanghai City, China','Telecommunications','http://m.c.lnkd.licdn.com/mpr/mprx/0_ZSvRnXJwm6HTdOIYZozHnQsbuTD7WORYVfTknbWvPkJxns2Oqw5c4FjUCfSKoJVtMmBLMhUnps2M','http://www.linkedin.com/pub/bryan-chao/0/306/926'),(81,'fqlIuoTb_z','Christina','Chao','Hong Kong','Nonprofit Organization Management','http://m.c.lnkd.licdn.com/mpr/mprx/0_rmBXqKu53530oRSrKHNcq1wE3iPjej2rtW_Uq1ScOhbDBMRKyebHsPJJfw1GIVDpASvVRN0UOukU','http://www.linkedin.com/in/christinalchao'),(82,'Yn7gnOjfSY','Stephen','Chao','Houston, Texas Area','Medical Practice','No picture given','http://www.linkedin.com/pub/stephen-chao/1/183/398'),(83,'LjAdEl7uWM','Adam J.','Chaput','San Francisco Bay Area','Internet','http://m.c.lnkd.licdn.com/mpr/mprx/0_r4vDWn-v-uTg_lpW-xk-WqrLK75A7-gWtsTtWzlv7dl3KnEdyO53FvLUYCLa2zy5ARB1QtiboIdh','http://www.linkedin.com/in/adamjchaput'),(84,'gmYZYsfWVk','Saran','Chatterjee','Bengaluru Area, India','Internet','http://m.c.lnkd.licdn.com/mpr/mprx/0_y9lKkKBrrW6hylWB-li7k-XypdrhKlHB-t5fk1zCi7Xr7z0crrTyoPTu-XK01ndUgzPmwNwTgJlt','http://www.linkedin.com/pub/saran-chatterjee/0/a1a/732'),(85,'AYuJInY1fI','Teja','Chekuri','Greater Philadelphia Area','Internet','http://m.c.lnkd.licdn.com/mpr/mprx/0_cDHk-3OsLvU7oehrzaZU-_gbFnxxHITrvopR-_7s4Pw7c7nKUI4eyiRNd408w28p9aosjXl8gWme','http://www.linkedin.com/in/tejachekuri'),(86,'y3KMJWChsS','Alex','Chen','San Francisco Bay Area','Computer Software','http://m.c.lnkd.licdn.com/mpr/mprx/0_FfbQYI0Q89pzWUGSL7kvYWjohKoJIUGSLSPJYWmR0POdq0zDwdBErdVza4E6eyiT625Zlaru_SpR','http://www.linkedin.com/pub/alex-chen/0/975/622'),(87,'xZvgOg8_pM','Allen','Chen','Houston, Texas Area','Information Services','No picture given','http://www.linkedin.com/pub/allen-chen/52/879/194'),(88,'TvJIJFSagT','Andy','Chen','San Francisco Bay Area','Venture Capital & Private Equity','http://m.c.lnkd.licdn.com/mpr/mprx/0_HiYZ1HeAHzJ4Bd9YEFSb1EHYerDeBuBYEGEF1wI8BzJZeH8OkLmNgIxmQYSBqwntdhyQp2z7JZ6u','http://www.linkedin.com/in/atchen'),(89,'zk8-S235Sl','Arthur Zhuo','Chen','Geneva Area, Switzerland','Renewables & Environment','http://m.c.lnkd.licdn.com/mpr/mprx/0_JqFQXFqm7IEK0p7VMvhMXk-7_Ef80VaVUz1JXkqYy7RKhYJsv-cEEX8KSX7xyjf94cLZIiQX7NER','http://www.linkedin.com/pub/arthur-zhuo-chen/9/3aa/501'),(90,'TvePT1ZHIe','Drew','Chen','San Francisco Bay Area','Internet','No picture given','http://www.linkedin.com/pub/drew-chen/53/526/97'),(91,'ACbcLhxIUb','Gina','Chen','Greater Chicago Area','Nonprofit Organization Management','http://m.c.lnkd.licdn.com/mpr/mprx/0_n2b0MQd5jQm0Et47qS3hML2bg_WpEc47qIP8MLfZCLg2vPffVoB1c5UnPmdidrJ_Bf53nCjP7NPG','http://www.linkedin.com/pub/gina-chen/16/9b0/a7'),(92,'IYXpBtK-fz','Hao','Chen','Shanghai City, China','Law Practice','No picture given','http://www.linkedin.com/pub/hao-chen/3/571/276'),(93,'pm65UquXF-','Ivan','Chen','Greater New York City Area','Legal Services','No picture given','http://www.linkedin.com/pub/ivan-chen/10/768/965'),(94,'LLBYB88GRn','John','Chen','Greater New York City Area','Investment Management','No picture given','http://www.linkedin.com/pub/john-chen/0/89/792'),(95,'VknVtMtzOk','Rick','Chen','Taiwan','Computer Hardware','http://m.c.lnkd.licdn.com/mpr/mprx/0_8GEYKgxfVP5oR8n-G6MSKOOaZlrsJLc-G8Y3K0aObNXE6Tht2XstOxsrn0K5sG9OT3e8xZy9SY21','http://www.linkedin.com/in/rickchen513'),(96,'5tBMqtPScp','Thomas','Chen','San Francisco Bay Area','Computer Software','http://m.c.lnkd.licdn.com/mpr/mprx/0_uuv-7sMLxO3XItbWuoN37JwdjV5owt6WmwTS7Jd9GylVN9AdhE5O3Mg41cLzHvF5S7B28YBOucfq','http://www.linkedin.com/in/thomaschen'),(97,'J2ds0hVcBc','Egbert','Cheng','Taiwan','Management Consulting','http://m.c.lnkd.licdn.com/mpr/mprx/0_cDHk-hH6LAWOeIhrcdfc-_xFFzxxHITrzWpR-_7s4Pw7c7nKUI4eyiRNd408w28p9aosjXAlJGfe','http://www.linkedin.com/pub/egbert-cheng/4/a3b/74'),(98,'Vgh8ACFZ7i','Victor','Cheng','San Francisco Bay Area','Internet','http://m.c.lnkd.licdn.com/mpr/mprx/0_D5pUSVI1QglXqSQoSbDkSMROEZ5LnanofkHXSMZGvUlzWETET_2BiJ22krLVzdB62QO5COExyy9s','http://www.linkedin.com/in/victorjcheng'),(99,'XMR37plgQU','Jeffrey','Chin','Greater Los Angeles Area','Media Production','http://m.c.lnkd.licdn.com/mpr/mprx/0_OEI5XqWWXWciIfasyD2sXBVdXECGIE7syS0VXBsRR2n-qaZVtuRWEcazobGjeSmn0WdUIreOQIpS','http://www.linkedin.com/in/leapman'),(100,'R4BqEhJ4Lx','Amy','Chiu','San Francisco Bay Area','Hospital & Health Care','http://m.c.lnkd.licdn.com/mpr/mprx/0_Vu55r8MXSN4jbZtPsoNVriRVTBxSwZiP4HlVriEVYAwgNpq1nEvWY_Oq7s0tHxGxR7bU0kZotod9','http://www.linkedin.com/pub/amy-chiu/19/74a/115'),(101,'hVCRV0H-07','Kevin','Cho','Greater New York City Area','Management Consulting','http://m.c.lnkd.licdn.com/mpr/mprx/0_5KCgsmC2xkSN19ICbrPGs2Cl0XRUl9sCIqnGsD8uhFfwmtSGdntlqSqCAuUk-AUmkP8_vEOci46V','http://www.linkedin.com/in/kshcho'),(102,'PXcAHLepPj','Michael','Chong','San Francisco Bay Area','Staffing and Recruiting','http://m.c.lnkd.licdn.com/mpr/mprx/0_NArAmTL1pMjY-q6bn1tmmitYyssxt-bb99XmmG_T_xm7SnKF4chjhCc7tqV8AzQwv--fT5jk9q4L','http://www.linkedin.com/in/michaelhchong'),(103,'hlctZx7np5','Jack','Chou','San Francisco Bay Area','Internet','http://m.c.lnkd.licdn.com/mpr/mprx/0_Ol4nOBqGoPn_0SX2OPI5OqbiozLaxSX2yK2dOq61zPAO8d1utBHsKNtjX45ApELh0tVeAPZEfoSJ','http://www.linkedin.com/in/jackwchou'),(104,'4smP9X0z7x','Jennifer','Chou','San Francisco Bay Area','Telecommunications','http://m.c.lnkd.licdn.com/mpr/mprx/0_rOHwyzrWQvCtfHKmKpIZynrWQqbj7wKm-ypqynTJMcPDKfbay44b-9zceyFG2ulCAjovPA0V1AR7','http://www.linkedin.com/pub/jennifer-chou/1/b6/4b0'),(105,'Q9lr0oVPsd','Will Weichao','Chou','San Francisco Bay Area','Computer Networking','http://m.c.lnkd.licdn.com/mpr/mprx/0_vIGEzkmNhXdKkgxYBw1vzFjNhhDlXUOYc29zzFpE0LJTR0dOJD-QUbekamSmby0tNHhNV8GF6API','http://www.linkedin.com/pub/will-weichao-chou/32/888/45'),(106,'LgP9vODRdS','Yu-kai','Chou (yukai@yukaichou.com)','San Francisco Bay Area','Information Technology and Services','http://m.c.lnkd.licdn.com/mpr/mprx/0_-zC9rq_YDcrlgVk0tc5WrBKu7qCtlVL0KqnWrBAuKAnCmY-xY1tVYc5CTsGS-jX1198H0rivbj1S','http://www.linkedin.com/in/yukaichou'),(107,'2w_mb1W0-E','Derek','Choy','San Francisco Bay Area','Computer Software','http://m.c.lnkd.licdn.com/mpr/mprx/0_FiVC9mO7zk4ZMCu1L6ZA92dTcTOJRCD15Gaj92mlHCodX6VPwLomZuVxJdY6Z5206h4yJwKkAoCP','http://www.linkedin.com/pub/derek-choy/3/757/527'),(108,'nvWiDmezXG','Ann','Christensen','San Francisco Bay Area','Think Tanks','No picture given','http://www.linkedin.com/pub/ann-christensen/0/13b/507'),(109,'rBRw7MWNWE','Eric','Christensen','Greater Minneapolis-St. Paul Area','Financial Services','http://m.c.lnkd.licdn.com/mpr/mprx/0_hqAXN0GtC65s10gAC9lBNyiyCQlc1y2AC1LUNylCgh5F24Rlu-3HVpLuuwAHKUDj3c1VURi_yeeU','http://www.linkedin.com/pub/eric-christensen/9/54a/143'),(110,'wYZW_8SkIB','Michael','Chu','San Francisco Bay Area','Computer Software','http://m.c.lnkd.licdn.com/mpr/mprx/0_oFea4w42ZhacZ822oiwj4dwuNLWb4Qp2H5yl4dVyw6gBFGIuQ3ZGnWmtsSdZUTjhIXErcme407wX','http://www.linkedin.com/in/michaelchu'),(111,'bcRTuTzhPI','Yang','Chu','China','International Trade and Development','http://m.c.lnkd.licdn.com/mpr/mprx/0_mLnj-OWa0PQHU9bKaC9m-gYT0ntLRPBKuGCC-gZlhvQzXc8rGiQAyj2xAO-VZNny76NijVQsrF8E','http://www.linkedin.com/in/yangchu'),(112,'GvO2jB0ZDp','Wil','Chung','San Francisco Bay Area','Computer Software','http://m.c.lnkd.licdn.com/mpr/mprx/0_ukJ16OsG4WX64LJz2LVu6gdG4H-Q4ieza_Du6y4rFm6nFbxvhCd0epuO9LtMUXWJSbRDdREU_JeD','http://www.linkedin.com/in/iamwilhelm'),(113,'-uaS2Ob02Y','Stephen','Churchill','Greater Boston Area','Legal Services','http://m.c.lnkd.licdn.com/mpr/mprx/0_C-W9UsADoLPc0HJ2GrdWUJlmokLJxHd2hzgWU4GxzTAd8uOuaqMVzZnlXo56pfHh_AwHNxr_ThYc','http://www.linkedin.com/pub/stephen-churchill/b/70a/517'),(114,'C7PIyp7T34','Chris','Cirak','Greater Los Angeles Area','Information Technology and Services','http://m.c.lnkd.licdn.com/mpr/mprx/0_dCvykodarmRsZ-4UdQQfkeVrpuuE4-4Uw_TikeHriWZsFnfR5k5KoHyO-G2vUzJBHTBCwfnf33oN','http://www.linkedin.com/in/chriscirak'),(115,'vRPzUokqDU','Yesenia','Cisneros','San Francisco Bay Area','Computer Software','http://m.c.lnkd.licdn.com/mpr/mprx/0_eyd5KuFsXPEHDdi-HpM9KfQFXByWSdi-E4jVKaLVRAeMtSqtXsJWOmlqospnaaGOWxIUxWBbUoLb','http://www.linkedin.com/pub/yesenia-cisneros/23/907/690'),(116,'ttvujgl3CZ','Merin','Clark','San Francisco Bay Area','Online Media','http://m.c.lnkd.licdn.com/mpr/mprx/0_rmBXqKxIThNxkYprYEccq-Yd3LPjej2rt7_Uq1ScOhbDBMRKyebHsPJJfw1GIVDpASvVRNxc05KU','http://www.linkedin.com/pub/merin-clark/12/650/963'),(117,'tbNzKGCbQd','Philip','Clark','San Francisco Bay Area','Design','http://m.c.lnkd.licdn.com/mpr/mprx/0_M5umgF4yNlRlniA2ULgAg5MyNAd3nLA2RFZAgkRawqjAWT6uz_yC1X7hsxWOzGrhZQmKti5Cb8DJ','http://www.linkedin.com/in/philipwclark'),(118,'C_HLmM7xrO','Jon','Clayton','Houston, Texas Area','Management Consulting','No picture given','http://www.linkedin.com/pub/jon-clayton/0/502/400'),(119,'wdHJy2PbZr','Chloe','Cockburn','Greater New York City Area','Law Practice','http://m.c.lnkd.licdn.com/mpr/mprx/0_dtjoY7N1bAuwtWG3wKSvYDQ051REt2P3wPdvYDX3s9fsSekT5ND6rSKfwgUvAItDHl0qlE9jnSHK','http://www.linkedin.com/pub/chloe-cockburn/3/124/b75'),(120,'_6ryCSJuNo','Barak','Cohen','Israel','Internet','http://m.c.lnkd.licdn.com/mpr/mprx/0_2bYEOyIpF98kM7Pha_MvOOM15Kvbv2-hmLEzO0VisvTBEeL88TmQKxmDwOzZ9I12DkyNAZHYuTdk','http://www.linkedin.com/in/barakcoh'),(121,'W6zWEXr3jt','Tomer','Cohen','San Francisco Bay Area','Internet','http://m.c.lnkd.licdn.com/mpr/mprx/0_HOKl9HzRgCZ4fPR0eM_C9whZ0GmeiPE0E0ka9wbXh3sZpcgxk48gZI1oAEaB8Nw1djt7J2MqMnct','http://www.linkedin.com/in/tomercohen'),(122,'H6a5DMTxuF','Lydia','Coleman','Greater Chicago Area','Venture Capital & Private Equity','http://m.c.lnkd.licdn.com/mpr/mprx/0_Pk_hAc0YKnnl9B1gAQ3PAN2rrt8AqqigA6BxANg2flN3IKqj0CP2xqdGOVhaB1GltbTOO1fmmupB','http://www.linkedin.com/pub/lydia-coleman/4/208/373'),(123,'SO-GkvejlB','James','Colyer','Phoenix, Arizona Area','Venture Capital & Private Equity','http://m.c.lnkd.licdn.com/mpr/mprx/0_fo2QEpszoIt6kw0XSwfvEY046Sn6QHmXSI4JEYJHJmC9MuMk_2pEXOS6HL9JLf7HadaZ5JIERnBJ','http://www.linkedin.com/pub/james-colyer/8/990/b02'),(124,'Xd5ubUlbdF','Brian','Connors','Greater Detroit Area','Civic & Social Organization','http://m.c.lnkd.licdn.com/mpr/mprx/0_vrCZ-36gavVYK0BrcK-F-C17mn0grsBrBtnF-C8flvISfO8KJ9tNyGq38OxCPgnpN18QjLOQ_vwt','http://www.linkedin.com/pub/brian-connors/3/131/788'),(125,'XB1MpErBDU','Mathias','Connot','Greater Seattle Area','Computer Software','http://m.c.lnkd.licdn.com/mpr/mprx/0_HAcsUHqu7TmXtpduEK9WUEFi73eHYpZuEriLUw6AKXy4TZ72kcFnzIt0T7HcjRM8d-zkN2ZvG4_X','http://www.linkedin.com/in/mathiasconnotbingrecruiter'),(126,'58DdqyU2U4','Rachel','Cook','Greater New York City Area','Entertainment','http://m.c.lnkd.licdn.com/mpr/mprx/0_z0kCB3KIrXZADnjrcZ6gB_8btF0ySnDrB4KjBCCsSGIut-VKMJNmJG9NyWx_al2pqpQyZLKbcY-B','http://www.linkedin.com/pub/rachel-cook/4/b71/761'),(127,'Fo67yLbodh','Scott','Cooper','San Francisco Bay Area','Construction','No picture given','http://www.linkedin.com/pub/scott-cooper/65/17a/aa4'),(128,'nA3f9WXiCH','Derek','Cornwall','Greater New York City Area','Financial Services','http://m.c.lnkd.licdn.com/mpr/mprx/0_iqpxyx_tMNKsA3zCStj2ypPYU-cn1CzCTnHhyj-GkciQ26GG7-2P-gQ2vyBWK5qmGcOTPsuQTNQ3','http://www.linkedin.com/in/derekwcornwall'),(129,'BLZd3cJrVo','Chris','Couhault','San Francisco Bay Area','Internet','http://m.c.lnkd.licdn.com/mpr/mprx/0_Pk_hAcU2r1XYnq1gAG8xAvyOrN8AqqigA5BxANg2flN3IKqj0CP2xqdGOVhaB1GltbTOO17DiRSB','http://www.linkedin.com/in/couhault'),(130,'aYrS5gNnMP','Thomas','Coyle','Bangor, Maine Area','Publishing','http://m.c.lnkd.licdn.com/mpr/mprx/0_LQ5WcDMGi8E9MjmlFFkncmuhTky9UZ0lbbl9cm0pYbe6kpHAW8v5Maw-72pd4xOgX5bB4d3G1AzK','http://www.linkedin.com/pub/thomas-coyle/5/72/bb2'),(131,'bYxihX44ib','Scott','Crandall','Greater Salt Lake City Area','Sports','http://m.c.lnkd.licdn.com/mpr/mprx/0_yq555BXi3SvDjROMOcz95z-aTW_8xZ7MOzlV5zqxYuBK8pZJr-vWIv8l7FixpxmvgcbUEt6lDSyM','http://www.linkedin.com/pub/scott-crandall/4/636/911'),(132,'2nBA4gmXW3','Nathan','Creswell','San Francisco Bay Area','Information Technology and Services','http://m.c.lnkd.licdn.com/mpr/mprx/0_OYjMBBbcHXz_CfdpYOaQBzqbH3imCuJpypd6BqbFcbcYgHaytZDvJN1d62_l3w4r0g0bZPJhUiX0','http://www.linkedin.com/in/nathancreswell'),(133,'-K8f3wn7YA','Alex','Crohn','Greater New York City Area','Law Practice','No picture given','http://www.linkedin.com/pub/alex-crohn/4/530/631'),(134,'91YIvANUqf','Preston','Crowell','San Francisco Bay Area','Staffing and Recruiting','http://m.c.lnkd.licdn.com/mpr/mprx/0_-FJjC1S8UxkGVh9crLwaCKuGJyA-4_BcK6DCClpr6MLGFF8BY3dA2AeOc-lDUknR1XRiS9GbkMDB','http://www.linkedin.com/in/prestoncrowell'),(135,'NdYBeGxZb_','Scott','Curtiss','San Francisco Bay Area','Internet','http://m.c.lnkd.licdn.com/mpr/mprx/0_r4vDWBPztd9pfqpWKMLOWqhLK25A7-gWt0TtWzlv7dl3KnEdyO53FvLUYCLa2zy5ARB1Qt_XaIZh','http://www.linkedin.com/in/scottcurtiss'),(136,'L3gDMHZbyb','Luna','Dai','San Francisco Bay Area','Internet','No picture given','http://www.linkedin.com/pub/luna-dai/2/b30/738'),(137,'jHu1HpPqMc','Wei','Dai','Greater Pittsburgh Area','Computer Software','http://m.c.lnkd.licdn.com/mpr/mprx/0_W1fpiD82UgRQP6qqFNHiimTPMpyIl5vqw-R_imF2QseRm3CNLz0rSaPGBApq-CN4erDG2dJS1CY2','http://www.linkedin.com/in/daiwei'),(138,'qQ73QFxS7v','Alex','D\'Amico','Greater New York City Area','Management Consulting','No picture given','http://www.linkedin.com/pub/alex-d-amico/0/907/aa7'),(139,'wlxG4igI7P','Sander','Daniels','San Francisco Bay Area','Internet','http://m.c.lnkd.licdn.com/mpr/mprx/0_x9J4KPQaEvnhOEFtgKWFKrz1e-ATpfntjcDbKAnPBcLliwT-1rdqOlGgQylYxHBYYzR6xnH2jJnn','http://www.linkedin.com/pub/sander-daniels/24/b03/44b'),(140,'bRXiS38KJm','Stephen','Darrow','Geneva Area, Switzerland','International Trade and Development','http://m.c.lnkd.licdn.com/mpr/mprx/0_9-HjcTr7sXfOjTIlNrICciT0s3pjxbRlNKpCciT05XHD8i2Asq4AM_zAN7yGp8VgcAoi4kxYx9SD','http://www.linkedin.com/pub/stephen-darrow/14/214/40'),(141,'TmR09mQfxZ','Serge','Dautricourt','San Francisco Bay Area','Health, Wellness and Fitness','http://m.c.lnkd.licdn.com/mpr/mprx/0_u_fFG4R7FjbbVolsuba4GsRfLyGE9WTsa3RZGse7Vx9sdDnVh50IuVpTIqCvvm8nS8DJDj91S_9M','http://www.linkedin.com/in/sergedautricourt'),(142,'I6_r-q6P5B','Naomi','Davidson','San Francisco Bay Area','Management Consulting','http://m.c.lnkd.licdn.com/mpr/mprx/0_Vu55r8UH3rRGIRiPVeL9riVdTBxSwZiPZalVriEVYAwgNpq1nEvWY_Oq7s0tHxGxR7bU0k4WqBy9','http://www.linkedin.com/pub/naomi-davidson/6/b11/138'),(143,'VxSIr61_hO','Diana','Dawson','Austin, Texas Area','Writing and Editing','http://m.c.lnkd.licdn.com/mpr/mprx/0_jE7gvAUvVXXC5bUPgDeCvP09s_P_bXVPxwUGvPJo5QbPZ8D1luxlR1SXND1yXiRxpWS_sqFhNifY','http://www.linkedin.com/pub/diana-dawson/8/438/223'),(144,'c7OSe7isEI','Tony','Deifell','San Francisco Bay Area','Online Media','http://m.c.lnkd.licdn.com/mpr/mprx/0_9-HjcTGfsTe1jTElNNIGci-xsCpjxbRlNKpCciT05XHD8i2Asq4AM_zAN7yGp8VgcAoi4k0ivl2D','http://www.linkedin.com/in/deifell'),(145,'KxZcoN5oKo','Amar','Desai','Greater Los Angeles Area','Hospital & Health Care','No picture given','http://www.linkedin.com/pub/amar-desai/3/136/a9'),(146,'C7VItwBcgi','Roger','Dickey','San Francisco Bay Area','Internet','http://m.c.lnkd.licdn.com/mpr/mprx/0_fXI2TZwOBUveM5tsS64PTVH7vjCQJ61sD80PTR4YEUnn6CXV_GRhfUuKUrGMs3-naFd-my66rpC2','http://www.linkedin.com/in/rogerdickey'),(147,'0BwpbFBusR','Breanna','DiGiammarino','San Francisco Bay Area','Venture Capital & Private Equity','http://m.c.lnkd.licdn.com/mpr/mprx/0_M5umgFdP9-uD98A2RTglgkwpNtd3nLA2RFZAgkRawqjAWT6uz_yC1X7hsxWOzGrhZQmKti5Q1dJJ','http://www.linkedin.com/pub/breanna-digiammarino/1/8a3/3b2'),(148,'5YFsCoFj0L','Alex','Ding','Beijing City, China','Staffing and Recruiting','http://m.c.lnkd.licdn.com/mpr/mprx/0_fo2QEjRZkW196S0XDHjvExRJ6wn6QHmXSI4JEYJHJmC9MuMk_2pEXOS6HL9JLf7HadaZ5JFGd1hJ','http://www.linkedin.com/in/alexding'),(149,'h4Ty-gf40m','Bryan','Ding','Greater New York City Area','Hospital & Health Care','http://m.c.lnkd.licdn.com/mpr/mprx/0_r9mLMnrAXQ8PtEx7-BgVMq_KX55lrEa7tNssMzKfRilTfaJfyrYdcvX3oeLmPSf_AzuRntCRgK8l','http://www.linkedin.com/pub/bryan-ding/5/a/88b'),(150,'m-PhmYkv4f','Jennifer','Ding','Greater San Diego Area','Venture Capital & Private Equity','http://m.c.lnkd.licdn.com/mpr/mprx/0_66Vqgus-d-SVsDQhQ8RFgaffIcMBsmQhXCawgfy-qlSb5ol8Eho417HpLVJeJWb2FL4oteGODqff','http://www.linkedin.com/in/jennifercding'),(151,'z91vXppFr5','Scott','Dinhofer','Greater New York City Area','Staffing and Recruiting','http://m.c.lnkd.licdn.com/mpr/mprx/0_oCf8SHe-c4VEn6iEeLW0SEeYvZHIq5CEehR0SEw2EOpRI3voQk0uio0GUveqBC_QITDYCDvePDPm','http://www.linkedin.com/in/scottdin'),(152,'Q5QQqZn_r7','Andre','Dogan','San Francisco Bay Area','Internet','http://m.c.lnkd.licdn.com/mpr/mprx/0_-ev3kzmdr2Ftel2RrEnOkBgQKE3tH-SRKWTYkBg977zCcnsUYm5Docd4YXTSwzuc1wB0wri9kBzq','#'),(153,'3u04Du07Je','Eleanore','Dogan','San Francisco Bay Area','Computer Software','http://m.c.lnkd.licdn.com/mpr/mprx/0_8D2tXJfNUolUQCoshamTXsxUREGVkkwsG24DXs7wX79oUhyV2IpYEVR5zXCLF_EnTaauIjgkqN4p','http://www.linkedin.com/in/eleanoredogan'),(154,'t786Y6qwaH','Matt','Doka','San Francisco Bay Area','Internet','http://m.c.lnkd.licdn.com/mpr/mprx/0_wM8zEmnNGeWLhsdkWUlQE2QzaHUk8JekWjNEE2cHAm7NxgxXFxKJXu_6hLRUiOWeEsCI5wLp12ox','http://www.linkedin.com/pub/matt-doka/7/19/792'),(155,'2JD7zLFMwY','Deanna','Dong','San Francisco Bay Area','Internet','http://m.c.lnkd.licdn.com/mpr/mprx/0_dCvykIa3Y2Zssq4UwLF_kWZfpfuE4-4UI_TikeHriWZsFnfR5k5KoHyO-G2vUzJBHTBCwfVQ7oxN','http://www.linkedin.com/in/deannadong'),(156,'jXMYHXYz6z','Charlene','Doppee','San Francisco Bay Area','Internet','http://m.c.lnkd.licdn.com/mpr/mprx/0_itf3qRi1BFQo-hppSqOtqZXgzQis-5SpTrRYqZG2o_cED3sy7N0Ds4nGRH_5lCurGlD0R0rDOgp4','http://www.linkedin.com/pub/charlene-doppee/0/1b/b6'),(157,'TO78sMLqjQ','Chris','Drake','Greater Philadelphia Area','Higher Education','http://m.c.lnkd.licdn.com/mpr/mprx/0_mVxsCOzMEMqb2aqc2OYWCykNo0A5haqcuYwLCgz5zMLv0EiBGp7n2jTwX-ls_dzR7JgkSVF4mOu0','http://www.linkedin.com/pub/chris-drake/4/334/a8'),(158,'dr2h6i7LBR','Brian','Drummond','San Francisco Bay Area','Computer Software','http://m.c.lnkd.licdn.com/mpr/mprx/0_n2b0MQD5gXxAHAW7NHF2MLf4ghWpEc47qDP8MLfZCLg2vPffVoB1c5UnPmdidrJ_Bf53nClMCQBG','http://www.linkedin.com/in/briandrummond'),(159,'pTbDjAKSBs','Luke','Duncan','San Francisco Bay Area','Computer Software','http://m.c.lnkd.licdn.com/mpr/mprx/0_pCD07BHrsUKGnLqWObgu7z2j4V5DNQqWYhJ87zwDFJljwGidKkj13v0i9tL-cTz5jTf38tJikox_','http://www.linkedin.com/in/lukejduncan'),(160,'I1D9MyTmsA','Althea','Dunn','San Francisco Bay Area','Staffing and Recruiting','http://m.c.lnkd.licdn.com/mpr/mprx/0_jOgiHAQnzWGmiFO6xxspHtq4Bdvfi3a60sWyHPXke7T0p5JQl4SfQ1KEMXzr86fopjxjFq9ND4R-','http://www.linkedin.com/in/altheadunn'),(161,'a2lyrWbaih','Barry','Duong','Greater New York City Area','Investment Management','http://m.c.lnkd.licdn.com/mpr/mprx/0_Ow-uHBp5t2Kib-OoyIiPHqwzrELG5lOoKf61HqVLfWA-szdEtSG8QNmIOG5j6n060ertFPH-CBEt','http://www.linkedin.com/pub/barry-duong/6/875/514'),(162,'YU8o_sTKA8','Tuyet','Duong','Washington D.C. Metro Area','Public Policy','http://m.c.lnkd.licdn.com/mpr/mprx/0_hqAXNOrYC6BVP0pAhPrUNgtjCQlc1y2AGKLUNylCgh5F24Rlu-3HVpLuuwAHKUDj3c1VURij0S0U','http://www.linkedin.com/pub/tuyet-duong/4/54/b78'),(163,'BR0oSNLTKe','Ariez','Dustoor','Mumbai Area, India','Internet','http://m.c.lnkd.licdn.com/mpr/mprx/0_rVO-LKA5UEQYCFwqtsDTL-tZRorlh3oq-YoSL1KLXuXT05jNypaOwPXIzFKm_6I4AJp2oNC576EF','http://www.linkedin.com/in/ariezdustoor'),(164,'Wh7Svd5G2c','Harvey','Dychiao','NCR - National Capital Region, Philippines','Investment Management','http://m.c.lnkd.licdn.com/mpr/mprx/0_GNQk2JtGmZnXtJAdGKbc2UG3C4kNYJ3dhrtR2UlggYKkTg9WmtneCRLPuzXwjOhLiBksipfmcvku','http://www.linkedin.com/pub/harvey-dychiao/0/abb/a12'),(165,'pLolu-lXSX','Evan','Earnest','San Francisco Bay Area','Design','http://m.c.lnkd.licdn.com/mpr/mprx/0_R84qR_UmdQyuUms3MFYFRhJKIFU7UDE3JX2wRhdKqT7xkWgTBQH4v8gYLoRK4owDV_VoqbB-6sxF','http://www.linkedin.com/pub/evan-earnest/b/a26/759'),(166,'j2Y8-iA7SW','Jeremy','Edberg','San Francisco Bay Area','Internet','http://m.c.lnkd.licdn.com/mpr/mprx/0_UZgaG6rFcVehCkhVRJsjG5k4c07CC3rVJVWlG5BFHVUtg5FscYSGuLidJlfg36A9sUxrDGWfOjA8','http://www.linkedin.com/in/jedberg'),(167,'55s2hr7c9O','Richard','Egelhof','Greater New York City Area','Law Practice','No picture given','http://www.linkedin.com/pub/richard-egelhof/4/60/420'),(168,'nDSxq7fkgs','afolabi','elebiju','Greater Boston Area','Legal Services','No picture given','http://www.linkedin.com/pub/afolabi-elebiju/3/514/9a8'),(169,'esmkqcy_pf','Kara','Elliott','Greater Omaha Area','Internet','http://m.c.lnkd.licdn.com/mpr/mprx/0_in1UQMhOSmNsAxsZTv-XQVK8fS39lxsZTqFXQR1hrIz6mRS47KiBHUba38Td-ZUNGvA5WyTda_tZ','#'),(170,'rtAqgWPgYj','Lauren Popper','Ellis','Greater New York City Area','Public Policy','No picture given','#'),(171,'-lRXSYrnHn','Alan','ElSheshai','Greater Atlanta Area','Computer Software','http://m.c.lnkd.licdn.com/mpr/mprx/0_527SxeEMNBgqkXhfIw0-xIyqnreU6XrfbeU-xIuWWnywJ8F7doxTAw4bZjHk5iAikfSPKu-TB_iQ','http://www.linkedin.com/in/alanelsheshai'),(172,'Ceb5bsvCy0','Ben','Emmrich','San Francisco Bay Area','Internet','http://m.c.lnkd.licdn.com/mpr/mprx/0_dtjoYmvpLcS5Y2G3IKaJYD535KREt2P3I9dvYDX3s9fsSekT5ND6rSKfwgUvAItDHl0qlEsxS57K','http://www.linkedin.com/in/benemmrich'),(173,'SVOGs6lg8i','Scott','Engelman','San Francisco Bay Area','Internet','http://m.c.lnkd.licdn.com/mpr/mprx/0_vJv4J_8E78fTSRoCvYNbJhTdD_RASYVCcUTbJ3A9-Qf3tVDGJ05qBT54iDUaaMRmNVB69QiR1ILG','http://www.linkedin.com/in/scottengelman'),(174,'a61WKkx-wo','Joseph','F.','United States','Internet','http://m.c.lnkd.licdn.com/mpr/mprx/0_gxkFOA9oTNl7upThxs5ZOtQLizvm2VTh0jKZOPFJpPTY1Yn8AMNIK1PcD4zl7j82yyQJAqz4SFSU','#'),(175,'C0UfB2DvOo','Hallie','Fader-Towe','Greater New York City Area','Public Policy','No picture given','#'),(176,'yxamTEoQTs','Steven','Fan','San Francisco Bay Area','Internet','http://m.c.lnkd.licdn.com/mpr/mprx/0_vIGEzkDMhXRlQU7YBS8zzFSoh_DlXUOYc29zzFpE0LJTR0dOJD-QUbekamSmby0tNHhNV8G9l3vI','http://www.linkedin.com/in/stevenweifan'),(177,'h1iDL0Fb1-','jianhong','fang','San Francisco Bay Area','Computer Software','http://m.c.lnkd.licdn.com/mpr/mprx/0_oFea4EdmZCxQs822eQ4A4HMyN8Wb4Qp2e5yl4dVyw6gBFGIuQ3ZGnWmtsSdZUTjhIXErcme4vxxX','http://www.linkedin.com/pub/jianhong-fang/22/980/a79'),(178,'dpftkMv7bK','Nadine','Farid Johnson','Washington D.C. Metro Area','International Affairs','No picture given','http://www.linkedin.com/pub/nadine-farid-johnson/2/301/413'),(179,'hq641gZy6p','Charlie','Farrell','San Francisco Bay Area','Computer Software','http://m.c.lnkd.licdn.com/mpr/mprx/0_b-xGLWFyBaeVlkSZ5rflLI-tc7SZPC2ZLKwgLoT_HuMeu6R4Iq7awEzSJFDbr5DNQAgpoSPJuU8C','http://www.linkedin.com/in/charlestfarrell'),(180,'L4Y3qgXrsZ','Terry Alan','Farris','Singapore','Philanthropy','http://m.c.lnkd.licdn.com/mpr/mprx/0_Ow-uHn4NKDPSW-OoYI1PHz44ruLG5lOoyE61HqVLfWA-szdEtSG8QNmIOG5j6n060ertFPXIU0Zt','http://www.linkedin.com/in/terryalanfarris'),(181,'g8v_VbePeS','Stephen','Fedele','San Francisco Bay Area','Computer Software','http://m.c.lnkd.licdn.com/mpr/mprx/0_-ev3kz2I-WXKe-pRtEQtkB2EKd3tH-SRr2TYkBg977zCcnsUYm5Docd4YXTSwzuc1wB0wrijb9cq','http://www.linkedin.com/pub/stephen-fedele/4/758/702'),(182,'yZR1cvL1af','Eric','Feng','San Francisco Bay Area','Computer Software','http://m.c.lnkd.licdn.com/mpr/mprx/0_dCvykIZCyDeQq-4UITcfkWICpuuE4-4Uw_TikeHriWZsFnfR5k5KoHyO-G2vUzJBHTBCwfsgy0aN','http://www.linkedin.com/pub/eric-feng/0/8b5/3b1'),(183,'M_lzIpDSCX','Ted','Fike','San Francisco Bay Area','Internet','http://m.c.lnkd.licdn.com/mpr/mprx/0_itf3qR_uv6rN-h2p_Ka-qZiYzQis-5SpTrRYqZG2o_cED3sy7N0Ds4nGRH_5lCurGlD0R0rddsV4','http://www.linkedin.com/in/tedfike'),(184,'9mMmcehvsz','Lindsey','Finch','Miami/Fort Lauderdale Area','Professional Training & Coaching','http://m.c.lnkd.licdn.com/mpr/mprx/0_-1nutqt3PvbKjP-jyN90tBTaP13YjP-jyBC1tB3luvzmGcLgYzQ8pcvxgOTTYN1A1rNtgrPODHNF','http://www.linkedin.com/pub/lindsey-finch/35/273/913'),(185,'QwOO34UGox','Grant','Finlayson','San Francisco Bay Area','Venture Capital & Private Equity','http://m.c.lnkd.licdn.com/mpr/mprx/0_A8PuXP0Ap7kgzlOnxF30Xr0rru-xB-OnPTb1XrfhfW67end9gQ_8EKUaOGt8qz0sr_ltIBg3eqQp','http://www.linkedin.com/in/grantfinlayson'),(186,'nV8ZjkZIAn','Scott','Fish','San Francisco Bay Area','Internet','http://m.c.lnkd.licdn.com/mpr/mprx/0_dtjoY75lLAxW-7G3bqOMYDGj5zREt2P3wrdvYDX3s9fsSekT5ND6rSKfwgUvAItDHl0qlEssbHVK','http://www.linkedin.com/in/sfish'),(187,'lpNqowfI54','Scott','Fisher','San Francisco Bay Area','Computer Software','http://m.c.lnkd.licdn.com/mpr/mprx/0_LQ5WcDf3iGaMJZfl55nnc7mpTCy9UZ0lbTl9cm0pYbe6kpHAW8v5Maw-72pd4xOgX5bB4dD_pGkK','http://www.linkedin.com/pub/scott-fisher/13/122/32'),(188,'z7iaNI0YHL','John','Fok','San Francisco Bay Area','Facilities Services','No picture given','http://www.linkedin.com/pub/john-fok/1/7b0/a39'),(189,'69lfME9xmM','Laura','Fong','Washington D.C. Metro Area','Law Practice','No picture given','http://www.linkedin.com/pub/laura-fong/4/526/a66'),(190,'ScwWaaHMfw','Lotus Yee','Fong','San Francisco Bay Area','International Affairs','No picture given','http://www.linkedin.com/pub/lotus-yee-fong/19/2aa/1a6'),(191,'gjds0Gw5Pw','Corey','Ford','San Francisco Bay Area','Venture Capital & Private Equity','http://m.c.lnkd.licdn.com/mpr/mprx/0_lxZqPrKekqNpmfBPAgWFPP_oe9PY2u6P1juwPP3zBKbm1HA1jMe4j1vRQR1T7wFxKysoyqPakgMQ','http://www.linkedin.com/in/coreyjford'),(192,'QxkL0rkYNF','Daniel','Ford','San Francisco Bay Area','Research','No picture given','http://www.linkedin.com/pub/daniel-ford/0/608/764'),(193,'_1P0rAunIN','Justin','Fredericks','Greater Los Angeles Area','Online Media','http://m.c.lnkd.licdn.com/mpr/mprx/0_TLYPQpf8ZmcRzidq_C4uQYSx4HrNB8dqiGE2Qxj8FDXkeXONDimxH0Wm9QKwqbH486ySW472yGjO','http://www.linkedin.com/in/justinfredericks'),(194,'Cizt6z3Hza','Christina','Frey','Greater New York City Area','Media Production','http://m.c.lnkd.licdn.com/mpr/mprx/0_SLdZcZZ2ebFbBERjShwbcRsSe3TkUdRjfGjFcVRpBXvNkS2g3iJNMs7-Q73U4aVAu6IQ4gdxeiSl','http://www.linkedin.com/in/christinafrey'),(195,'9IxCnO1oOg','Alison M.','Friedman','Beijing City, China','Performing Arts','http://m.c.lnkd.licdn.com/mpr/mprx/0_YFRwQlUlLIzPN7jqYX4ZQ-OhLaK_Z2yqp6fqQ-MAVIkPbewN-3IbHtD0I8ryRIg4xXJvWvbTDDM0','http://www.linkedin.com/in/alisonmfriedman'),(196,'K1SuZEdxca','Lynn','Fu','San Francisco Bay Area','Accounting','No picture given','http://www.linkedin.com/pub/lynn-fu/4/6b0/2b7'),(197,'zYuXKFtznm','Yoshifumi','Fukunaga','Indonesia','Public Policy','No picture given','http://www.linkedin.com/in/yoshifumifukunaga'),(198,'RM03Gq9Fqr','Erica','Fung','Greater New York City Area','Law Practice','No picture given','http://www.linkedin.com/pub/erica-fung/0/181/30a'),(199,'ZbJfrdhoyE','Justin','Fung','Greater New York City Area','Management Consulting','http://m.c.lnkd.licdn.com/mpr/mprx/0_V5_s-LVjaPsmngXyVbLW-QIf2na394qy4kBL-QR71vVAdyipn_Pny67TGOmOv0zKRQTkj3Wb2Zzx','http://www.linkedin.com/pub/justin-fung/0/977/6a7'),(200,'7iM_VF-4n_','Jesal','Gadhia','Greater Los Angeles Area','Online Media','http://m.c.lnkd.licdn.com/mpr/mprx/0_r9mLMnlK68BTKf77KnSsMzK-Xh5lrEa7tcssMzKfRilTfaJfyrYdcvX3oeLmPSf_AzuRntafiJ8l','http://www.linkedin.com/in/jesal'),(201,'U-S5jERR-M','Jimmy','Gao','Hong Kong','Legal Services','http://m.c.lnkd.licdn.com/mpr/mprx/0_9G8uJ8wY1QxpzPxGq66xJiflPhVjzvOGNLN1JiSauLaDoAdCsXK8B_JhgmsGnt0ac3Ct9k1TUNjx','#'),(202,'bPh3Uaq9cZ','Gina','Garcia','Washington D.C. Metro Area','Media Production','http://m.c.lnkd.licdn.com/mpr/mprx/0_Rm-zu_VsTM2m6RNkUd16uh7VSUUfXjkkMW6EuhHQtY70RMPXBeGJG8ye_zRrbV5eVSrI_bVNc28d','http://www.linkedin.com/pub/gina-garcia/4/b49/6b7'),(203,'SyD-XX_vFF','Maggie','Gardner','Portland, Oregon Area','Judiciary','No picture given','http://www.linkedin.com/in/maggiegardner'),(204,'s0UDn9PYBW','Alexey','Gavrish','Russian Federation','Management Consulting','http://m.c.lnkd.licdn.com/mpr/mprx/0_bNwbMIhSELx4pwp7bKEqMW_DQ6WNYw27L9x4MWljM8gkTfRfItUwcdL1eIdwjuD_QBWMnafEXXp5','http://www.linkedin.com/in/gavrish'),(205,'34mlYuGXz-','Timnit','Gebru','San Francisco Bay Area','Computer Software','No picture given','http://www.linkedin.com/pub/timnit-gebru/7/b40/7b3'),(206,'os5FIpcApf','Martin','Gedalin','San Francisco Bay Area','Venture Capital & Private Equity','http://m.c.lnkd.licdn.com/mpr/mprx/0_OVJogBqQ5Btiaot2O0oJgqnX5NLG2712pZDvgqnvsBA-1IXutpd61NGUwp5j7e-h0JRqtPkQy7X_','http://www.linkedin.com/in/marting'),(207,'OzZWzlGSNk','Steve','Gee','Greater Boston Area','Law Practice','No picture given','http://www.linkedin.com/pub/steve-gee/3/a66/271'),(208,'vFFp77gSaK','Adam','Geller','San Francisco Bay Area','Education Management','http://m.c.lnkd.licdn.com/mpr/mprx/0_9G8uJ8urlLetvP7GnhT1JGptP6VjzvOGNLN1JiSauLaDoAdCsXK8B_JhgmsGnt0ac3Ct9k0DRldx','http://www.linkedin.com/in/adamgeller'),(209,'BKmYhQNqn2','Kareem','Ghanem','San Francisco Bay Area','Law Practice','No picture given','http://www.linkedin.com/pub/kareem-ghanem/29/42b/42'),(210,'Psn0Snv6g7','Adam','Glickman','San Francisco Bay Area','Management Consulting','http://m.c.lnkd.licdn.com/mpr/mprx/0_IP83MDbp1Lj6yvp_5q6-MmzO16MdKvS_WANYM7ka2iSJ7AsibvKDcfrhjeJ91tu7oKC0nHnBunII','http://www.linkedin.com/in/aglick35'),(211,'fO0yVXHyRQ','Vaibhav','Goel','United States','Internet','http://m.c.lnkd.licdn.com/mpr/mprx/0_bNwbMonGQ82kOwp75zdZMW17Q6WNYw2759x4MWljM8gkTfRfItUwcdL1eIdwjuD_QBWMnaflHk25','http://www.linkedin.com/in/govaibhav'),(212,'zECi6csrB9','Rachel','Goldberg','Greater New York City Area','Nonprofit Organization Management','No picture given','http://www.linkedin.com/pub/rachel-goldberg/5/5ab/616'),(213,'-YB46kYGGb','Stephen','Gong','San Francisco Bay Area','Broadcast Media','http://m.c.lnkd.licdn.com/mpr/mprx/0_rmBXqKObiFc-oR2rrSzUq-gQ3LPjej2rtW_Uq1ScOhbDBMRKyebHsPJJfw1GIVDpASvVRN0mcctU','http://www.linkedin.com/pub/stephen-gong/6/564/b0'),(214,'aREhIw9VeM','Cindy N','Gordon','Greater New York City Area','Apparel & Fashion','http://m.c.lnkd.licdn.com/mpr/mprx/0_IyKoX7Nn_22X_ManWY9JXDnU_fOW3xxnWgkvX2LbyooMORe9bs86EulWSTYnCZYsoxtqIwUUpSJS','http://www.linkedin.com/pub/cindy-n-gordon/1/680/231'),(215,'DtOad-l9IO','Erik','Gotfredsen','Bermuda','Law Practice','http://m.c.lnkd.licdn.com/mpr/mprx/0_ZPIPybN7VcyGOQza9n4hyX934BEfyQLasA02yXkYFAY0_G-mqvRx-krK9sor0TXGMKdSP_nNmfko','http://www.linkedin.com/pub/erik-gotfredsen/b/628/1a9'),(216,'6xF9C_BYcE','Jonathan','Gottfried','Greater Los Angeles Area','Law Practice','No picture given','#'),(217,'Ex426HNdmh','Flavia','Goulart Pereira','São Paulo Area, Brazil','Management Consulting','http://m.c.lnkd.licdn.com/mpr/mprx/0_xjj5WPvUQarf8fxLgs2VWAL4XoNSCu7LgxdVWA6FRu8ggHZ51RDWFltdoFqt3wmdYO0UQnZlRpZs','#'),(218,'gS-8JXOzTp','Jim','Grady','Greater New York City Area','Wireless','http://m.c.lnkd.licdn.com/mpr/mprx/0_KMzyHnhwgm1Yur4orO6_HzA5xu5K2P4o-Y3iHztv8Wl81cfEpxLKQv6UlGL77NJ6lscCFt83gEyN','http://www.linkedin.com/in/jameshgrady'),(219,'A-S8fj6-mR','Aaron','Greenspan','San Francisco Bay Area','Computer Software','No picture given','http://www.linkedin.com/pub/aaron-greenspan/0/659/76b'),(220,'DK_bp0h7YC','Mike','Grishaver','San Francisco Bay Area','Internet','http://m.c.lnkd.licdn.com/mpr/mprx/0_0hOv4Ps0W_33qIH8gbf64ARiwLN29DW8g3oo4AdiNh8pdWYhP6aMnlgD5wq1voeuOipwcnBncMHW','http://www.linkedin.com/in/mgris'),(221,'lrSENNA652','Susan','Grotbo','San Francisco Bay Area','Internet','http://m.c.lnkd.licdn.com/mpr/mprx/0_r7IZBn2wEXk1oEEprEVwBqfZe3_jEERptm0FBzDZBXBDva2yyWRNJvMnQ7iGdSVrAudQZtPHawqZ','http://www.linkedin.com/pub/susan-grotbo/3/397/576'),(222,'Jlw-m_xReA','Yan','Gu','San Francisco Bay Area','Computer Software','http://m.c.lnkd.licdn.com/mpr/mprx/0_G13YmJr1yxzZPK6ICNP3msiyYyFZAnBI8lz3mU3DTM1ea-8wmzAthRviK-bbtlnFiri8Tp1b3dta','http://www.linkedin.com/pub/yan-gu/4/3a8/407'),(223,'sKr8uijNvF','Indranil (Indy)','Guha','San Francisco Bay Area','Venture Capital & Private Equity','http://m.c.lnkd.licdn.com/mpr/mprx/0_VoW0f8HIJyST6kvXswR8fidMUxVTokqX4mg8fisMkJalzhikn2M1T_aBvtsYW_zHRdw3hkHLvvHf','http://www.linkedin.com/in/indranilguha'),(224,'K_B-8EsIo7','Richa','Gulati','Greater New York City Area','Financial Services','No picture given','http://www.linkedin.com/pub/richa-gulati/18/904/88a'),(225,'CJL9v05urV','Karen','Guo','San Francisco Bay Area','Law Practice','No picture given','http://www.linkedin.com/pub/karen-guo/42/748/337'),(226,'sCBbLxWFXC','Yi (Ripple)','Guo','Beijing City, China','Law Practice','http://m.c.lnkd.licdn.com/mpr/mprx/0_7bH7EYVxUmlLRk0kD5EKEjgiBacbMF0kDQprEjV0eIiBQ_HXiT4_XgmAM8BZVhOemkol5sHDvmTk','http://www.linkedin.com/pub/yi-ripple-guo/7/478/3a4'),(227,'vvFO_xtd2y','Abhishek','Gupta','San Francisco Bay Area','Computer Software','http://m.c.lnkd.licdn.com/mpr/mprx/0_eOkdZaBL8CaoDya3eVbnZSqkGiRd7sO3EsKnZSXJj5fJKOdTX4NL9DKc2aU92g0DWjQcBosm-TQ5','http://www.linkedin.com/in/abhishek85gupta'),(228,'BkhhQ-KwXJ','Ankit','Gupta','San Francisco Bay Area','Internet','http://m.c.lnkd.licdn.com/mpr/mprx/0_izp7Yx1yBcrZjC-33tDyYjAjBzcnACP3TqHrYjtTe9iQa6kT712_rg67MgBWt5tDG9OllsuBFxh-','http://www.linkedin.com/in/42a42'),(229,'nvrPb6WZjV','PJ','Gupta','San Francisco Bay Area','Financial Services','http://m.c.lnkd.licdn.com/mpr/mprx/0_sNXFMbB88T07pOg7Z-cZMLB28hW8OUS7ZvrZMLqyxigK30sf9tqIc58tmedxgyu_UB6JnCEAWnar','http://www.linkedin.com/in/pjgupta'),(230,'VrNrMQjDJW','Angelo','H','San Francisco Bay Area','Internet','http://m.c.lnkd.licdn.com/mpr/mprx/0_R84qR_Z3dTxfBDE3v5swR3oCIkU7UDE3MT2wRhdKqT7xkWgTBQH4v8gYLoRK4owDV_Voqbc25d4F','http://www.linkedin.com/in/angelokh'),(231,'1lxgUdlvRc','David','Hahn','San Francisco Bay Area','Internet','http://m.c.lnkd.licdn.com/mpr/mprx/0_n2b0MbmZgLROENH7qEc8MLeHghWpEc47qDP8MLfZCLg2vPffVoB1c5UnPmdidrJ_Bf53nCgF4OGG','http://www.linkedin.com/in/dhahn'),(232,'s53B0mHDIy','Craig','Hambidge','Greater Omaha Area','Internet','http://m.c.lnkd.licdn.com/mpr/mprx/0_vIGEzkg9GbHYH4aYcftMzFUsh6DlXUOYR79zzFpE0LJTR0dOJD-QUbekamSmby0tNHhNV8Gvsi9I','http://www.linkedin.com/in/craighambidge'),(233,'rZZpGUOzfQ','Will','Hambly','San Francisco Bay Area','Internet','http://m.c.lnkd.licdn.com/mpr/mprx/0_T8jL9V03k_bHBEfxiCxn9ZfyXX_4cumx_Xds9Mu3RCBHHHM0DQDdZJ4fodiFNw7P8_0RJO-N0oZ3','http://www.linkedin.com/in/hambly'),(234,'HJ1RZGOGCI','Alice','Han','San Francisco Bay Area','Internet','http://m.c.lnkd.licdn.com/mpr/mprx/0_7QQHyYJg8ACFcJKCDC6UyjMGC-cbRJKCDXtByjsggciBXgbGi8nX-gaPuyBZZOlmm5k9PsXnAsrp','http://www.linkedin.com/in/alicehan'),(235,'wFX6FA0A1H','Juliana','Han','Greater New York City Area','Law Practice','No picture given','http://www.linkedin.com/pub/juliana-han/1/387/71b'),(236,'8kDKb86caE','Nels','Hansen','Within 23 wards, Tokyo, Japan','Law Practice','http://m.c.lnkd.licdn.com/mpr/mprx/0_9Nf_3Qn-NJMltQiUnzgp3LruqZ2A-LiUNPRp3Ll2Ig43DTqRst0775LGV9ualGGBcBDgaC_shANN','http://www.linkedin.com/in/nelshansen'),(237,'_eyRlI9nGm','Wade','Hansen','Greater San Diego Area','Investment Banking','http://m.c.lnkd.licdn.com/mpr/mprx/0_3PuunxXjvFNcy5ft_-S0npLavTlJK5Yt_AZ1npCaEk5d73W-Svy84y9hUfA61CxYhKmtMUrXMZOh','http://www.linkedin.com/pub/wade-hansen/6/976/387'),(238,'GBzXmdVrqx','Justin','Haroon','San Francisco Bay Area','Internet','http://m.c.lnkd.licdn.com/mpr/mprx/0_m8msvUUOwiAMv7Hxu3xdv4egW6iWBo4x2TsLv4dunLcMemf0GQYnRZgCbm_nqDJP7_uksxB9Jh9i','http://www.linkedin.com/in/justinharoon'),(239,'YgpMJKUeOd','Erica','Hartono','San Francisco Bay Area','Performing Arts','http://m.c.lnkd.licdn.com/mpr/mprx/0_5P24iIQ-WOV4tD94F1DFiWCYIpuRKe94FA4bie3aqsZI723ZdvpqSHvhLA2X17cqkKa62fxcMmTP','http://www.linkedin.com/pub/erica-hartono/44/a72/b2'),(240,'OPERtKI3OE','SE','Hayes','Portland, Oregon Area','Consumer Electronics','http://m.c.lnkd.licdn.com/mpr/mprx/0_aR5MUJ5ITiTouRJumsi6UsqsS3kXaZJuuMl6UU9VtbKqApa2CjvvzRCq_2XRSx48f4bbNpHGF-zJ','http://www.linkedin.com/in/sehayes'),(241,'7Qu0CcvzAm','Bijun','He','San Francisco Bay Area','Computer Software','http://m.c.lnkd.licdn.com/mpr/mprx/0_gyqUoPFQuWTafgRLxjtHoAcIuSqaSgsLx4hXorQnPIhOtJS5AsXBkK-ZC8NAasUdyx95LB4Y2dw7','http://www.linkedin.com/in/bijunhe'),(242,'XrN9YMqOQv','David','Hegarty','San Francisco Bay Area','Computer Software','http://m.c.lnkd.licdn.com/mpr/mprx/0_uBxCSykKz4hw1k36arylS0vPcRv6PC36aKwjS0v_HOT9u69Qhl7mix3SJvzJr5hoSNgyCZw4h6ig','http://www.linkedin.com/in/davidhegarty'),(243,'E_yNLneqd5','Arvian','Heidir','San Francisco Bay Area','Internet','http://m.c.lnkd.licdn.com/mpr/mprx/0_mB1VmU9t7plwlpqw2AG5m4X-70Q5Pxvw2zF5m4v_KVtvuRCIGli9hZ3STl6srZNb7NAXTxbwQ5TO','http://www.linkedin.com/in/aviheidir'),(244,'6RH7tONeCH','Guy','Hepworth','San Francisco Bay Area','Information Technology and Services','http://m.c.lnkd.licdn.com/mpr/mprx/0_LPiHRIPlCQg4K0jSLlhcRe_lCCEsrJySbtcBReC7gbYEfgwDWv1XvH9Tu2o5POgTXK39qfpfklEo','http://www.linkedin.com/in/guyhepworth'),(245,'TdxtMR0S72','Sam','Heshmati','San Francisco Bay Area','Venture Capital & Private Equity','http://m.c.lnkd.licdn.com/mpr/mprx/0_r4vDWBTkKEljf-SWrpt-WzTdK25A7-gWtJTtWzlv7dl3KnEdyO53FvLUYCLa2zy5ARB1Qti4SzZh','http://www.linkedin.com/pub/sam-heshmati/b/205/947'),(246,'LBBNH2-G1w','Andrew','Hill','San Francisco Bay Area','Internet','http://m.c.lnkd.licdn.com/mpr/mprx/0_V24ZqXUFw6I_6mUy4HZIqQseI8aSoDUyZm2FqQEzq5VgzWupnoHNs6ORLamtWosKRfVQR3Npy_1v','http://www.linkedin.com/in/andrewparkerhill'),(247,'hokJw4Z_BB','Anne','Ho-Griggs','San Francisco Bay Area','Staffing and Recruiting','http://m.c.lnkd.licdn.com/mpr/mprx/0_-KgZfl1gWy10AmBXrrybf-8lIpnOADBXK-WFf-83qJCaaW8kYnSNTtqfLt93tonH1PxQhvYPcspV','http://www.linkedin.com/pub/anne-ho-griggs/0/429/3b2'),(248,'TUkrETDBcf','Jonathan','Hoffberg','San Francisco Bay Area','Consumer Electronics','http://m.c.lnkd.licdn.com/mpr/mprx/0_IdV5bDsQLawdwIY9ImIVbmM5bexLImf9WwaVb7ZBZSwzqo4nbfoWdf2MW60VeWaVoo4UeHoxqeFO','http://www.linkedin.com/pub/jonathan-hoffberg/0/96/492'),(249,'42Aagcq_op','Mark','Holloway','Washington D.C. Metro Area','Law Practice','No picture given','http://www.linkedin.com/pub/mark-holloway/5/a39/42'),(250,'tK_OFmtYQv','Junho','Hong','Seongnam, Gyeonggi-do, Korea','Telecommunications','http://m.c.lnkd.licdn.com/mpr/mprx/0_M3jGd3s1ZH7C9Q2XcLVld_VrNosSN82XU5dgdCo3wumgwXRkzFDabGYfsFVtcbDHZG0p6LNOLGj8','http://www.linkedin.com/pub/junho-hong/21/24b/8b6'),(251,'nRZ7jvrXQ4','Rachael','Hong','San Francisco Bay Area','Internet','http://m.c.lnkd.licdn.com/mpr/mprx/0_-zC9rqhPfrvj1Mk0rt55rB3r7qCtlVL0KqnWrBAuKAnCmY-xY1tVYc5CTsGS-jX1198H0r_Q64tS','http://www.linkedin.com/pub/rachael-hong/3/892/1a8'),(252,'mC8jTbIwZQ','Paul','Hontz','Greater Grand Rapids, Michigan Area','Design','http://m.c.lnkd.licdn.com/mpr/mprx/0_QoM0Ad4QM-x9EFzjXwY8AwYzUAS9oCNjXeS8AE0vkqM6z6_go2W1xowUvxDdW5vAbdU3ODSPrtgc','http://www.linkedin.com/in/paulhontz'),(253,'BxxiTz96lr','Ron','Hose','San Francisco Bay Area','Internet','http://m.c.lnkd.licdn.com/mpr/mprx/0_HOKl9dQRxky4_PR0EpGC9E6z0XmeiPE0E0ka9wbXh3sZpcgxk48gZI1oAEaB8Nw1djt7J2J87QNt','http://www.linkedin.com/in/ronhose'),(254,'op6hX9mx08','Denny','Hou','San Francisco Bay Area','Investment Management','No picture given','http://www.linkedin.com/pub/denny-hou/3/256/829'),(255,'HDlPvXuWeu','Angel','Hsia','San Francisco Bay Area','Financial Services','http://m.c.lnkd.licdn.com/mpr/mprx/0_R84qRCZhwTOGJmE3JhIIRhe8IkU7UDE3MG2wRhdKqT7xkWgTBQH4v8gYLoRK4owDV_VoqbcZ4KWF','http://www.linkedin.com/pub/angel-hsia/0/682/702'),(256,'Wd2byBShvO','Derrick','Hsiang','San Francisco Bay Area','Venture Capital & Private Equity','http://m.c.lnkd.licdn.com/mpr/mprx/0_rmBXqlgIiFqlHRgrtuccq12F3QPjej2rt7_Uq1ScOhbDBMRKyebHsPJJfw1GIVDpASvVRN1bS2tU','http://www.linkedin.com/pub/derrick-hsiang/16/18/aab'),(257,'CZVthJ1SWp','Peter','Hsing','San Francisco Bay Area','Venture Capital & Private Equity','http://m.c.lnkd.licdn.com/mpr/mprx/0_iWKW8jmzCjBNXJ1qSuln8YyMGOKnQ01qTIk98YYXjRkQMUXN7785aOoo2KrWL4-4GEtB7J2yqxEK','http://www.linkedin.com/in/peterhsing'),(258,'eJdgFNCMtX','Andrew','Hsu','San Francisco Bay Area','Computer Games','http://m.c.lnkd.licdn.com/mpr/mprx/0_vtozj_Cmdqmytek3cqREj3KGwNRjYek3BvOEj3TgN-fDT2PTJNVJPTzP5MUGj75DNlHI-Q1fMtAy','http://www.linkedin.com/in/andrewdhsu'),(259,'YnjNlNh1nJ','Henry','Hsu','San Francisco Bay Area','Internet','http://m.c.lnkd.licdn.com/mpr/mprx/0_Pk_hAcRO--nKn-tg1LLPANOlrN8AqqigA5BxANg2flN3IKqj0CP2xqdGOVhaB1GltbTOO17IvogB','http://www.linkedin.com/in/henrymhsu'),(260,'UaG5_ughNO','Jerone','Hsu','Greater New York City Area','Arts and Crafts','No picture given','http://www.linkedin.com/pub/jerone-hsu/a/565/b8'),(261,'hc3BM86AtG','Maggie','Hsu','Greater New York City Area','Publishing','http://m.c.lnkd.licdn.com/mpr/mprx/0_vtozjC8fWlyDyDL3BzE6j31fwNRjYek3BrOEj3TgN-fDT2PTJNVJPTzP5MUGj75DNlHI-Qxq5BKy','http://www.linkedin.com/in/mkhsu'),(262,'R6_PnpWli3','Wei','Hsu','San Francisco Bay Area','Computer Hardware','No picture given','http://www.linkedin.com/in/weihsu'),(263,'2h9tqLtWDy','Eileen S.','Hsuan','Greater Los Angeles Area','Professional Training & Coaching','http://m.c.lnkd.licdn.com/mpr/mprx/0_tK6jMz1hOii-0lof-PFmMn8Ty6kxjqUfKl-CMBig_LK7GKu7On9AccBPtmX8Y1siPPXinrA86c8r','http://www.linkedin.com/in/eileenhsuan'),(264,'osROI5wt0B','Martin','Hu','San Francisco Bay Area','Computer Software','http://m.c.lnkd.licdn.com/mpr/mprx/0_LNotM7ifULD9O3wi51eTMDPhR6ZnYkwibPODMD-gXiuQThy_WtVYcSQPze4Wj_EfXBHunE82JQr8','http://www.linkedin.com/in/martinhu'),(265,'uvBVtnhaAG','Derrick','Huang','Greater New York City Area','Management Consulting','No picture given','http://www.linkedin.com/pub/derrick-huang/0/337/bb5'),(266,'dack55KT1q','Evan','Hudson','Greater New York City Area','Law Practice','http://m.c.lnkd.licdn.com/mpr/mprx/0_zVbmGhtZPjsKaAl9cOnjG_GFAy0rucl9BZPAGC1ZaMIhPPQnMpBCuGbn0-xffrKVqJ5KDL3-DWe1','http://www.linkedin.com/in/evanhudson'),(267,'i7lWhRz0Jq','Tara','Hudson','San Francisco Bay Area','Human Resources','http://m.c.lnkd.licdn.com/mpr/mprx/0_2AaKEUBgsm-orGdHazj7E4XjVH6w-beHavVfEJ6uLm-UDixe8cOyXMtCqLQNl8WXD-2m5YNa4oVq','http://www.linkedin.com/pub/tara-hudson/3/9a9/609'),(268,'TGaZLOjP5_','Marc','Huey','San Francisco Bay Area','Internet','http://m.c.lnkd.licdn.com/mpr/mprx/0_yHCbizIRTOq2WMrZy2_4iBJViMT85VhZOfn4in4dpyvKsYc4ratwS9uFDc3x6j3NgI8M2AE8S_yE','http://www.linkedin.com/in/marchuey'),(269,'CYju9JnZso','Marcos','Hung','San Francisco Bay Area','Biotechnology','http://m.c.lnkd.licdn.com/mpr/mprx/0_IyKoX7i9ieIIiVxn5ZBvX2nb_fOW3xxnWOkvX2LbyooMORe9bs86EulWSTYnCZYsoxtqIwRo7BJS','http://www.linkedin.com/in/marcoshung'),(270,'faKYfsBr4F','Chris','Hutchins','San Francisco Bay Area','Venture Capital & Private Equity','http://m.c.lnkd.licdn.com/mpr/mprx/0_CHQ4Y4aX2rTsdyBD8o6IYUjFmKFzdJ9DhEtbYUO4l91L9g3SaanqrRE98gboEOc3_Ik6lphaHI8_','http://www.linkedin.com/in/chrishutchins'),(271,'VmrZq-B4rp','Linley','Hutchinson','Provo, Utah Area','Venture Capital & Private Equity','No picture given','http://www.linkedin.com/pub/linley-hutchinson/21/783/41b'),(272,'ELSz3rSwaW','Lea Ann','Hutter','San Francisco Bay Area','Internet','http://m.c.lnkd.licdn.com/mpr/mprx/0_9G8uJ8jj1Lm-cPaGn_h0JG7tPhVjzvOGN8N1JiSauLaDoAdCsXK8B_JhgmsGnt0ac3Ct9k0LDEjx','http://www.linkedin.com/in/lahutter'),(273,'AhoBzwFME0','Mayumi','Ichino','Greater New York City Area','Law Practice','No picture given','#'),(274,'0GyvrBbq13','Taka','Imada','Within 23 wards, Tokyo, Japan','Management Consulting','http://m.c.lnkd.licdn.com/mpr/mprx/0_8LXTPsf3rq6nJBlxa_QYPJZ2Kv_nUBhxGGrOPJYy7KBQk1c02iqSjMotYRiW4K3PT66xyYhTyr5q','http://www.linkedin.com/in/takaimada'),(275,'6GHPz7K_oV','Yakov','Ivanov','France','Computer Software','http://m.c.lnkd.licdn.com/mpr/mprx/0_3vxs_xN-og9vtHvzizjW_j3Yox-zraqziAwL_pt_zJ6LfEivSP7nDy6SXttoPdzJhngkuUhr1db2','http://www.linkedin.com/pub/yakov-ivanov/0/1a4/347'),(276,'81v70TsQlA','Lee','Jacobs','San Francisco Bay Area','Online Media','http://m.c.lnkd.licdn.com/mpr/mprx/0_DBwsjZQ8EnlWjaNDDPdLjRQSotb50wNDfKxLjVvYzqPvhf_STlUnPs3KXxFsyuv32NWk-gFyXISO','http://www.linkedin.com/in/leejonathanjacobs'),(277,'pt41jQqltr','Navish','Jain','San Francisco Bay Area','Internet','http://m.c.lnkd.licdn.com/mpr/mprx/0_OYjMBnnzeQFG8EJpOgSQBzkzHCimCuJpypd6BqbFcbcYgHaytZDvJN1d62_l3w4r0g0bZPv7c7X0','http://www.linkedin.com/in/navishjain'),(278,'ACyuYtkN37','Venu','Javarappa','San Francisco Bay Area','Internet','http://m.c.lnkd.licdn.com/mpr/mprx/0_9fXpR8fVOQuOW-dTNINiRifEpkVjwBJTqHr_RiDsibaDN1a3sdqrv_MN-2sGHK4Sc26GqkxyzS6e','http://www.linkedin.com/in/venujavarappa'),(279,'8xBCTRX4fz','Motil','Jayakar','San Francisco Bay Area','Information Technology and Services','http://m.c.lnkd.licdn.com/mpr/mprx/0_4dB698EbhFEmFgfPsDLv9GZohb0CIgfPVS_M9GRc03ItqJ41NfboZC7JaExgesaxJov4J55GKpjp','#'),(280,'5fs7cDltfr','Michael  P.','Jeffries','Greater Boston Area','Higher Education','http://m.c.lnkd.licdn.com/mpr/mprx/0_OVJogBNe5Bn_2212yU4zgzQe5tLG2712yRDvgqnvsBA-1IXutpd61NGUwp5j7e-h0JRqtPHyY-r_','http://www.linkedin.com/pub/michael-p-jeffries/3/a66/163'),(281,'98u0PiXp2p','Mark','Jiang','Shanghai City, China','Management Consulting','No picture given','http://www.linkedin.com/in/markwjiang'),(282,'BxH_yw2_j1','Frank','Jin','Hong Kong','Law Practice','No picture given','http://www.linkedin.com/pub/frank-jin/1/b76/8a6'),(283,'mQvdutsHS9','Roger','Jin','San Francisco Bay Area','Internet','http://m.c.lnkd.licdn.com/mpr/mprx/0_zVbmGh_EAVsjacT9z4zAG_t4Ay0rucl9BZPAGC1ZaMIhPPQnMpBCuGbn0-xffrKVqJ5KDLTZxcj1','http://www.linkedin.com/in/rogerdjin'),(284,'nCw2t09A5J','Rishi','Jobanputra','San Francisco Bay Area','Internet','http://m.c.lnkd.licdn.com/mpr/mprx/0_u_fFGJs75xNknWTsmTHqGUWgLsGE9WTsakRZGse7Vx9sdDnVh50IuVpTIqCvvm8nS8DJDjVrKGbM','http://www.linkedin.com/in/rishij'),(285,'8v2LSTAisE','Celestine','Johnson','San Francisco Bay Area','Venture Capital & Private Equity','http://m.c.lnkd.licdn.com/mpr/mprx/0_bNwbMo-26GOzYag751JNMeTjQ6WNYw27LPx4MWljM8gkTfRfItUwcdL1eIdwjuD_QBWMnaflL-p5','http://www.linkedin.com/pub/celestine-johnson/3/b66/680'),(286,'hk-MGFMWAO','Christopher','Johnston','San Francisco Bay Area','Electrical/Electronic Manufacturing','http://m.c.lnkd.licdn.com/mpr/mprx/0_upscWJnLLHlbuoodas4HWscddWXou7wdmZmeWsLq9frVPIyWhVERFVlVFkkzfeELS0ZdQjUkkgak','http://www.linkedin.com/pub/christopher-johnston/4/717/788'),(287,'RsVAZIhdmK','Jeremy','Johnstone','San Francisco Bay Area','Internet','http://m.c.lnkd.licdn.com/mpr/mprx/0_5P24iIK0I4RI-IB4LzybiW8tIpuRKe94bc4bie3aqsZI723ZdvpqSHvhLA2X17cqkKa62f17YX9P','http://www.linkedin.com/in/jsjohnst'),(288,'0N1l9VDpQn','Lauren','Jonas','San Francisco Bay Area','Performing Arts','http://m.c.lnkd.licdn.com/mpr/mprx/0_in1UQZzj7ecQgpIZStPXQRqOfS39lxsZ3BFXQR1hrIz6mRS47KiBHUba38Td-ZUNGvA5Wy3OuekZ','http://www.linkedin.com/pub/lauren-jonas/7/81b/200'),(289,'tR9HoU5oRy','Shivam','Joshi','Miami/Fort Lauderdale Area','Research','http://m.c.lnkd.licdn.com/mpr/mprx/0_gxkFOrXFivTGhVlh1sv4OP3Mizvm2VTh0jKZOPFJpPTY1Yn8AMNIK1PcD4zl7j82yyQJAqvrGLxU','http://www.linkedin.com/pub/shivam-joshi/57/685/2a3'),(290,'bzpCZWg3wz','Yusuke','Kaeriyama','Japan','Law Practice','No picture given','http://www.linkedin.com/pub/yusuke-kaeriyama/33/894/55b'),(291,'f0dQwJ1msF','Ajay','Kalia','Greater Boston Area','Computer Software','No picture given','http://www.linkedin.com/pub/ajay-kalia/4/bb7/ba4'),(292,'aQL9SlMjC_','Rachel','Kalmar','San Francisco Bay Area','Health, Wellness and Fitness','http://m.c.lnkd.licdn.com/mpr/mprx/0_pl4fenBmvITjxF7wYNIyezvaBu6Sx3OwYn2Kez61eW-g85dIKBHi6vtjMGQtp60bjtVAbtNEKVjP','http://www.linkedin.com/in/rachelkalmar'),(293,'r3D-T-rPgy','Sachit','Kamat','San Francisco Bay Area','Internet','http://m.c.lnkd.licdn.com/mpr/mprx/0_itf3qVTgc3No-5Sp3BaYqM31zQis-5SpTvRYqZG2o_cED3sy7N0Ds4nGRH_5lCurGlD0R0KBzwV4','http://www.linkedin.com/in/sachit'),(294,'RSaFioE3qf','Nevin','Kamath','Greater Los Angeles Area','Management Consulting','http://m.c.lnkd.licdn.com/mpr/mprx/0_fsPnURNs2bnwTge2SxKWUZkV2FL6TOe2SUbdUZz61GA9Ysxu_y_sz4THGW5JGJWhaMleN0ICbhRg','http://www.linkedin.com/pub/nevin-kamath/1/378/2a7'),(295,'TPy0x8pyzV','Melanie','Kannokada','Greater New York City Area','Entertainment','http://m.c.lnkd.licdn.com/mpr/mprx/0_uMN4tOnkmtqb2JbAGOBbtyk5m1lQ2y9AaR8btyNzl95n143lhxkqpphR8gAM7UcjSsn6gRocvH_v','http://www.linkedin.com/in/melaniekann'),(296,'CztheKHQyB','Akash','Kanojia','Greater New York City Area','Capital Markets','No picture given','http://www.linkedin.com/in/akashkanojia'),(297,'ZwY0qwnykV','Jonathan (Yoni)','Karpfen','San Francisco Bay Area','Internet','http://m.c.lnkd.licdn.com/mpr/mprx/0_ncgMlQrpwnMAtDzp4Ks6lL-Awt7rtDzpqrW6lLP3NBUhSWGyVASv05Ff5pffAoqrBqxbYCDnfCpP','http://www.linkedin.com/in/jonathankarpfen'),(298,'d4UMfvbO0j','David','Katz','Greater Boston Area','Investment Management','http://m.c.lnkd.licdn.com/mpr/mprx/0_R84qR_s2FXgCMms3U_sFRhRDIFU7UDE3JX2wRhdKqT7xkWgTBQH4v8gYLoRK4owDV_VoqbBEuRwF','http://www.linkedin.com/in/davidlkatz'),(299,'QhAPPw18rM','Michael','Keating','San Francisco Bay Area','Transportation/Trucking/Railroad','http://m.c.lnkd.licdn.com/mpr/mprx/0_jbmxXtRAsWnSv8Hng6ahXr474u-_vQMnxLshXrMfFo6PEGm9lTYPEKD39Tty9TZspkuTIBI2LYBh','http://www.linkedin.com/in/michaelburnskeating'),(300,'FSekhz_04m','Chris','Kelly','San Francisco Bay Area','Internet','http://m.c.lnkd.licdn.com/mpr/mprx/0_oivHPa4finwUBjh1okFcPSsK3POIUYr1eXTBPuIrOnoRkVFPQL5Xj2xOfjYq4MA0IhB9yIJS6tPD','http://www.linkedin.com/in/christopherkelly'),(301,'GSphW-SZBf','Grace','Keng,(408) 799-8887 gracekeng1@gmail.com','San Francisco Bay Area','Real Estate','http://m.c.lnkd.licdn.com/mpr/mprx/0_tpExEztXq2tx2Leer422EB-I4SFxuLJerRYhEBi4FI17PTaHOVsPXcB998b8fG4kP0eT5rAvWaNz','http://www.linkedin.com/pub/grace-keng-408-799-8887-gracekeng1-gmail-com/7/324/947'),(302,'RZ1pbApPF9','Atul','Khosla','Greater Boston Area','Venture Capital & Private Equity','http://m.c.lnkd.licdn.com/mpr/mprx/0_JqFQXFQSTesuxx7VBPTMXkXa_uf80VaVUn1JXkqYy7RKhYJsv-cEEX8KSX7xyjf94cLZIiEhcLRR','http://www.linkedin.com/pub/atul-khosla/5/526/160'),(303,'AOheQHz4QW','Michelle','Kiernan','San Francisco Bay Area','Staffing and Recruiting','http://m.c.lnkd.licdn.com/mpr/mprx/0_R2NuPFE51KIueP_xJH6PPksdP977or-xJm81P5dzuzUxzNL0Bok8jLgRgYfKWc1PVfntyGc9rozw','http://www.linkedin.com/in/mricarte'),(304,'aHCijZ3shT','Bohee','Kim','Korea','Electrical/Electronic Manufacturing','http://m.c.lnkd.licdn.com/mpr/mprx/0_EBP1Xf5-jDUIANWneci2XSnlgdO6PtHneKbuXuv_C7o9u9096l_0E23SPXYJrvdswNlDIIb-Gi-j','http://www.linkedin.com/pub/bohee-kim/4a/28/7b9'),(305,'fVuRrIBf1r','Eric','Kim','San Francisco Bay Area','Internet','http://m.c.lnkd.licdn.com/mpr/mprx/0_in1UQZ3h7DkQPpRZTt_eQVr0fS39lxsZTlFXQR1hrIz6mRS47KiBHUba38Td-ZUNGvA5Wy3CUicZ','http://www.linkedin.com/pub/eric-kim/9/b22/25'),(306,'e05U8WlvBI','Eric','Kim','San Francisco Bay Area','Venture Capital & Private Equity','http://m.c.lnkd.licdn.com/mpr/mprx/0_yec4izWN3s-DLphZO7XZinIUiVT85VhZOdn4in4dpyvKsYc4ratwS9uFDc3x6j3NgI8M2A6rOQeE','http://www.linkedin.com/pub/eric-kim/12/85/205'),(307,'CucLoLum94','Hanwook','Kim','Hawaiian Islands','Information Technology and Services','http://m.c.lnkd.licdn.com/mpr/mprx/0_n2b0MQ0LlT22Qc47qwF2MLSoghWpEc47qmP8MLfZCLg2vPffVoB1c5UnPmdidrJ_Bf53nCgoS-5G','http://www.linkedin.com/in/hanwook'),(308,'mK4vp2qK1S','Jason','Kim','San Francisco Bay Area','Computer Software','http://m.c.lnkd.licdn.com/mpr/mprx/0_hC1YLga8puLz4KVqmQ_DL0gAY7rRq1UqG6F3L0ShTdXIIBuNukitwxJaKCKXBqs43TA8oZPstzV9','http://www.linkedin.com/pub/jason-kim/4/904/789'),(309,'KCduCG5klM','Julie','Kim','San Francisco Bay Area','Banking','No picture given','http://www.linkedin.com/pub/julie-kim/7/744/435'),(310,'01oMEJrs6B','Mike','Kim','San Francisco Bay Area','Internet','http://m.c.lnkd.licdn.com/mpr/mprx/0_x9J4Kt5SENk3OEntgqObKAbue-ATpfntjNDbKAnPBcLliwT-1rdqOlGgQylYxHBYYzR6xneVTJLn','http://www.linkedin.com/in/mikekim'),(311,'zxXLQld4QG','TaeWoo','Kim','San Francisco Bay Area','Internet','http://m.c.lnkd.licdn.com/mpr/mprx/0_V5_s-LZO2AWl9gXyZXKd-QJY21a394qy43BL-QR71vVAdyipn_Pny67TGOmOv0zKRQTkj3WrpZKx','http://www.linkedin.com/in/taewoo'),(312,'-7hCFAm1u-','Tyler','King','Greater Boston Area','Law Practice','No picture given','http://www.linkedin.com/pub/tyler-king/4/a20/941'),(313,'EralPa7enX','Jessica','Kinloch','San Francisco Bay Area','Renewables & Environment','http://m.c.lnkd.licdn.com/mpr/mprx/0_LPiHRo-rGXaMrJjS5KPURe5yC3EsrJySFNcBReC7gbYEfgwDWv1XvH9Tu2o5POgTXK39qfrnRJDo','http://www.linkedin.com/in/jessicakinloch'),(314,'nS0mNjWvmi','Devon','Kirk','Toronto, Canada Area','Venture Capital & Private Equity','http://m.c.lnkd.licdn.com/mpr/mprx/0_uMN4t0vEur9IuJ6AayXwtgb6m1lQ2y9AaY8btyNzl95n143lhxkqpphR8gAM7UcjSsn6gRoJy-hv','http://www.linkedin.com/pub/devon-kirk/3/a35/734'),(315,'uZcSuIN7M5','Aseem','Kishore','Greater New York City Area','Computer Software','http://m.c.lnkd.licdn.com/mpr/mprx/0_HAcsUH6T_8DXOpZuQq6WUw6873eHYpZuE9iLUw6AKXy4TZ72kcFnzIt0T7HcjRM8d-zkN2ZOYshX','http://www.linkedin.com/in/aseemk'),(316,'dZcDddaXyf','Jake','Klamka','San Francisco Bay Area','Internet','http://m.c.lnkd.licdn.com/mpr/mprx/0_3rnHNpPD83qJKypli1BRNYK_C8rMy0pliNCBNxi-g6XW_UIAS9QXV0BpuSKQ04jgh1N9U4ANuB-a','http://www.linkedin.com/in/jakeklamka'),(317,'ls8X--He4K','Lindsey','Knapp','Greater New York City Area','Law Practice','No picture given','http://www.linkedin.com/pub/lindsey-knapp/0/735/171'),(318,'z0fE05UWAK','Derek','Knerr','San Francisco Bay Area','Law Practice','http://m.c.lnkd.licdn.com/mpr/mprx/0_goVSNvpwn6tSEGgj0udtN9JNnLTGEGpjxIa-N9sqW6v-vQIgA2oTVnaVZS3jdLjAyd4PUletGLZd','http://www.linkedin.com/pub/derek-knerr/2b/618/21a'),(319,'TOn1USIxny','Andy','Knopp','Korea','Education Management','http://m.c.lnkd.licdn.com/mpr/mprx/0_NFyu8TYOBZm1q_CqqLO08G4gvgyPN_tq9he18GxTEZe_wF5N43u8aCI7U1puckP4vXYt75S7ZsIr','http://www.linkedin.com/in/andyknopp'),(320,'FvpmJ_JKy8','Isan','Ko','Taiwan','Law Practice','http://m.c.lnkd.licdn.com/mpr/mprx/0_NFyu88OpMjIPq_tqNGO18GZxvOyPN_tq96e18GxTEZe_wF5N43u8aCI7U1puckP4vXYt75DdqBDr','http://www.linkedin.com/pub/isan-ko/0/562/aa1'),(321,'_mPkOindWO','Mahesh','Kondla','San Francisco Bay Area','Computer Software','No picture given','http://www.linkedin.com/in/maheshkondla'),(322,'1_nCzhaCz2','Nikunj','Kothari','San Francisco Bay Area','Computer Software','http://m.c.lnkd.licdn.com/mpr/mprx/0_mB1VmUq-fViv1Vqwu9PWm41p7yQ5PxvwuKF5m4v_KVtvuRCIGli9hZ3STl6srZNb7NAXTxbIkeGO','http://www.linkedin.com/in/nikunjk'),(323,'UKRvqAmQRt','Eric','Kowalchyk','San Francisco Bay Area','Computer Software','http://m.c.lnkd.licdn.com/mpr/mprx/0_LNotM7KGRTpJYCViFqsDMDvhR6ZnYkwib9ODMD-gXiuQThy_WtVYcSQPze4Wj_EfXBHunEufwA-8','http://www.linkedin.com/in/erickowalchyk'),(324,'aEPePO3TCI','Ashley','Koziol','San Francisco Bay Area','Human Resources','http://m.c.lnkd.licdn.com/mpr/mprx/0_iIoQnZmW65q4oH0Y3EEznRpF6b39eHmYT2OJnRxUJCz6BuMO7DVE4UIvHdTdIf7tGHHZMyDn1fhA','http://www.linkedin.com/pub/ashley-koziol/11/817/625'),(325,'TPFJOE7dXw','Bharat','Krishna','Miami/Fort Lauderdale Area','Education Management','http://m.c.lnkd.licdn.com/mpr/mprx/0_UQF0ZCUip_pmUKW3UCX8ZhIgOQUGRn43Mb18Zhsj357-X-fTc8c198a1raRjZlJDs5L3BbkaQphR','http://www.linkedin.com/in/bharatsk'),(326,'fqpIfiLMSK','KIMATHI K.','KUENYEHIA','Greater Boston Area','Law Practice','No picture given','http://www.linkedin.com/pub/kimathi-k-kuenyehia/3/636/330'),(327,'4wO3qb_5rp','Frank','Kumpuris','London, United Kingdom','Management Consulting','No picture given','http://www.linkedin.com/pub/frank-kumpuris/3/a60/884'),(328,'4kk0HJZ0zO','Emily','Kunkel','San Francisco Bay Area','Marketing and Advertising','http://m.c.lnkd.licdn.com/mpr/mprx/0_utI7Lg539EGEpLOq21wpLOqhq2rEYQxqm90rL0XjIEXsTGeNhNR_wxK1V3KvjTY4SldloZ94UXmL','#'),(329,'DOSEoM8n4S','Evelyn','Kuo','San Francisco Bay Area','Performing Arts','http://m.c.lnkd.licdn.com/mpr/mprx/0_uXLP60HmYmNdJ1dz2F626gwGOa-QMzdzaLA26y4x3D6nQlOvhGzxepulrQtMV-HJSFFSdR6GV8X9','http://www.linkedin.com/in/evelynkuo'),(330,'LOMs6hva1x','Take','Kurosawa','San Francisco Bay Area','Staffing and Recruiting','http://m.c.lnkd.licdn.com/mpr/mprx/0_9Nf_3QhlNJR-tiiUNBpK3X-AqR2A-LiUqrRp3Ll2Ig43DTqRst0775LGV9ualGGBcBDgaCfcIBkN','http://www.linkedin.com/in/takekurosawa'),(331,'Irf0sUk3nJ','Denys','Kurylenko','San Francisco Bay Area','Computer Software','http://m.c.lnkd.licdn.com/mpr/mprx/0_dCvykIRCpmwH4BHUwLk7keHhpfuE4-4UwhTikeHriWZsFnfR5k5KoHyO-G2vUzJBHTBCwfnJ6vON','http://www.linkedin.com/in/dkurylenko'),(332,'VvZyKKDjKL','John','Kwag','San Francisco Bay Area','Internet','http://m.c.lnkd.licdn.com/mpr/mprx/0_UQF0Z_I2O5HiUzM3U_92ZhJDO8UGRn43Jb18Zhsj357-X-fTc8c198a1raRjZlJDs5L3BbXeiY_R','http://www.linkedin.com/in/johnkwag'),(333,'3ak5LMccTo','Ju-Hon','Kwek','Greater New York City Area','Management Consulting','No picture given','http://www.linkedin.com/pub/ju-hon-kwek/0/9b1/596'),(334,'ah9m1pu631','Jennifer','Kwong','Jordan','International Trade and Development','http://m.c.lnkd.licdn.com/mpr/mprx/0_5P24iI6pW0VNrIb4Iq0bielAIpuRKe94Ft4bie3aqsZI723ZdvpqSHvhLA2X17cqkKa62fPUfPGP','http://www.linkedin.com/pub/jennifer-kwong/2/485/747'),(335,'bUbooo8Olc','Mei','Lai','Greater New York City Area','Law Practice','No picture given','http://www.linkedin.com/pub/mei-lai/4/a07/549'),(336,'QjXcuqixck','Sherry','Lai','San Francisco Bay Area','Marketing and Advertising','http://m.c.lnkd.licdn.com/mpr/mprx/0__gnH4MKQG5ncSJpuij6R4R6kCLkUf0pu3yCB4Rhqg6KwrUI2fUQXnUNVuSXku4j8CYN9cyttlnYX','http://www.linkedin.com/pub/sherry-lai/1/a34/184'),(337,'gXwDeu6HpM','Sophia','Lai','San Francisco Bay Area','Law Practice','No picture given','http://www.linkedin.com/in/sophiaslai'),(338,'G8eXgYMj7M','Stephanie','Lai','San Francisco Bay Area','Music','http://m.c.lnkd.licdn.com/mpr/mprx/0_vf7Lf3E9wsx15I-XRoYsfCgZbMsjbeGXcSUsfCDoZ0mDZ2zkJdxdTGMXWNVGX7iHN2SRhLx0HLxH','http://www.linkedin.com/pub/stephanie-lai/4/978/468'),(339,'N2-XfutN53','Angela','Laliberte','Greater Boston Area','Real Estate','No picture given','http://www.linkedin.com/pub/angela-laliberte/4/5a/416'),(340,'jcuZLJGbGp','Chuck','Lam','San Francisco Bay Area','Computer Software','No picture given','http://www.linkedin.com/in/chucklam'),(341,'-KnFDOJRdG','Thomas','Langridge','Houston, Texas Area','Internet','http://m.c.lnkd.licdn.com/mpr/mprx/0_vJv4J_8ESbuTDRoCzxNwJh36DhRASYVCcUTbJ3A9-Qf3tVDGJ05qBT54iDUaaMRmNVB69QfFk0QG','http://www.linkedin.com/in/langridge'),(342,'ZGl0fNA3GL','Judy','Lao','Greater New York City Area','Law Practice','http://m.c.lnkd.licdn.com/mpr/mprx/0_uMN4t0-Fuvb6usbAGg6btgFvm1lQ2y9AaZ8btyNzl95n143lhxkqpphR8gAM7UcjSsn6gREmSUPv','http://www.linkedin.com/pub/judy-lao/4/906/774'),(343,'wqxAVIXxbT','Matt','Latterner','Greater Boston Area','Law Practice','No picture given','http://www.linkedin.com/pub/matt-latterner/1/aa7/582'),(344,'Ix2EuBEoPO','Jonathan','Lau','Greater Los Angeles Area','Computer Software','http://m.c.lnkd.licdn.com/mpr/mprx/0_66VqgSYCIlDMZDQheGswgaYfIcMBsmQhXCawgfy-qlSb5ol8Eho417HpLVJeJWb2FL4otem8ozef','http://www.linkedin.com/pub/jonathan-lau/25/602/52'),(345,'p4nv9uaS8h','Dominic','LaValle','Dallas/Fort Worth Area','Venture Capital & Private Equity','http://m.c.lnkd.licdn.com/mpr/mprx/0_xrBNYrBT79_7yYBT0-zFYPFGDnnSyjbTjA_IYtQt-PCg_MK319bZr--yi49t0VQSY1vElzNtnrXN','http://www.linkedin.com/pub/dominic-lavalle/0/5a8/587'),(346,'A15mCUnoY0','Rich','Lawson','San Francisco Bay Area','Venture Capital & Private Equity','http://m.c.lnkd.licdn.com/mpr/mprx/0__gnH4ZCFC5PMfJpu3V9U4RGqC8kUf0puTJCB4Rhqg6KwrUI2fUQXnUNVuSXku4j8CYN9cyYPfHsX','http://www.linkedin.com/pub/rich-lawson/17/b4/777'),(347,'9514JqdKh1','Bryan','Le','San Francisco Bay Area','Internet','http://m.c.lnkd.licdn.com/mpr/mprx/0_IcAN_I6AaJEF-JbMWnPF_W-lmV75tybMWrLI_Wv3l0UvS4KJbA3ZDd3f8NfsAUQvoq1EuaFIKx_x','http://www.linkedin.com/in/bryanhxle'),(348,'E98yRz4GNU','Toby','Leavitt','San Francisco Bay Area','Performing Arts','http://m.c.lnkd.licdn.com/mpr/mprx/0_UciCeh5pteS7t1gbJKhAe_BKtEVG-zSbJrcje_92S7a-DlsFcA1m6iCGyXsjl-uwsq3ybXXiCjiL','http://www.linkedin.com/pub/toby-leavitt/12/390/152'),(349,'aUY5GpOpk8','Andrew','Lee','San Francisco Bay Area','Internet','http://m.c.lnkd.licdn.com/mpr/mprx/0_RSNOt_aXOrsSdn9AM75SthoXY1g7WK9AME8TthWzT9Wxnq3lBwk-p8jRKgjKoBcjVmnhgbUNbqHA','http://www.linkedin.com/in/drewlee'),(350,'OMF4Eh1sPj','Angela','Lee','Greater New York City Area','Venture Capital & Private Equity','http://m.c.lnkd.licdn.com/mpr/mprx/0_Y7bJr-UbSvkioYN1Oa86rldWS-tfERN1yIPQrleZtNQ0vx_P-WBzYApn_0-rdpv0xu5F09VYsnN-','http://www.linkedin.com/in/angela37'),(351,'XPBTsis2as','Arnold','Lee','San Francisco Bay Area','Renewables & Environment','http://m.c.lnkd.licdn.com/mpr/mprx/0_fXI2TZwiBglXJ_tsS_H1TROOvYCQJ61sSQ0PTR4YEUnn6CXV_GRhfUuKUrGMs3-naFd-myEGHzn2','http://www.linkedin.com/pub/arnold-lee/0/372/706'),(352,'vcT4mLPx4W','Bjorn','Lee','San Francisco Bay Area','Internet','http://m.c.lnkd.licdn.com/mpr/mprx/0_W1fpiDnyMJIRl65qwNp_imFpMxyIl5vqI-R_imF2QseRm3CNLz0rSaPGBApq-CN4erDG2dz9Bu02','http://www.linkedin.com/in/bjornlee'),(353,'cKYGfYh4Rc','Charles','Lee','San Francisco Bay Area','Internet','http://m.c.lnkd.licdn.com/mpr/mprx/0_r4vDWnPLrdT3SqSWrRkOWqCbK25A7-gWtJTtWzlv7dl3KnEdyO53FvLUYCLa2zy5ARB1Qt_ROmyh','http://www.linkedin.com/pub/charles-lee/2a/839/b49'),(354,'4Eaj8FgVg5','Chongho','Lee','San Francisco Bay Area','Internet','http://m.c.lnkd.licdn.com/mpr/mprx/0_hTReA0YTX-NZMdKA86gUAgyhktlUJuAAmLfcAy2tUq5w6H6lubIkxpZyExAkswrj3CJnORYv5cFM','http://www.linkedin.com/in/chongho'),(355,'eQFfN2LGbt','Chris','Lee','San Francisco Bay Area','Investment Management','No picture given','#'),(356,'dps--OTEWj','David','Lee','San Francisco Bay Area','Computer Software','http://m.c.lnkd.licdn.com/mpr/mprx/0_lxZqPA_Ikqcg2EBP1JUIPPQWePPY2u6PPZuwPP3zBKbm1HA1jMe4j1vRQR1T7wFxKysoyqPtCMUQ','http://www.linkedin.com/in/davidlee7'),(357,'VIwq9Elz7i','Emily','Lee','Greater Boston Area','Law Practice','No picture given','http://www.linkedin.com/pub/emily-lee/1/477/b41'),(358,'4vmh6mhGmF','Eric','Lee','San Francisco Bay Area','Computer Software','http://m.c.lnkd.licdn.com/mpr/mprx/0_OVJognNH51Thuo12YUoJgq5w5ALG2712pZDvgqnvsBA-1IXutpd61NGUwp5j7e-h0JRqtPXLs2X_','http://www.linkedin.com/in/eric8lee'),(359,'Z71_MrMrks','Eric','Lee','San Francisco Bay Area','Information Technology and Services','http://m.c.lnkd.licdn.com/mpr/mprx/0_goVSNvUQNFc8oXgj0He-N9ddn8TGEGpjxma-N9sqW6v-vQIgA2oTVnaVZS3jdLjAyd4PUlk64Iud','http://www.linkedin.com/in/ericlee09'),(360,'Yejm1eroKV','Harold','Lee','San Francisco Bay Area','Computer Software','http://m.c.lnkd.licdn.com/mpr/mprx/0_goVSNNIHNhbfHTpjgHd-N9d5niTGEGpj0ea-N9sqW6v-vQIgA2oTVnaVZS3jdLjAyd4PUlk4cuYd','http://www.linkedin.com/in/haroldhlee'),(361,'S61SITZ1bs','Jackson','Lee','San Francisco Bay Area','Research','http://m.c.lnkd.licdn.com/mpr/mprx/0_RNyrI51OMHpar5eIMKU_IF5KMIwit_dIJre7I6qTQSx1SFOwBtup5Q87B6IpAkHFVBYaXTQEJpx-','http://www.linkedin.com/pub/jackson-lee/6/842/b68'),(362,'F-H8s3X8Aj','John','Lee','San Francisco Bay Area','Internet','http://m.c.lnkd.licdn.com/mpr/mprx/0_7QQHyYofG9r5RsKCfkbBypRSClcbRJKCDTtByjsggciBXgbGi8nX-gaPuyBZZOlmm5k9Psk-_4Pp','http://www.linkedin.com/in/dearjohnlee'),(363,'kPTYePOX29','John TC','Lee, M.D.','San Francisco Bay Area','Medical Devices','http://m.c.lnkd.licdn.com/mpr/mprx/0__by8vYUtvLBvz5O1T670vj2Gv6tBz_a13Qe0vjpGEiQboFJPfTuuRge2Ue-enkf0CkYYssGfiQ9S','http://www.linkedin.com/in/johntclee'),(364,'-3vXFRBGvH','Michael','Lee','Greater New York City Area','Philanthropy','http://m.c.lnkd.licdn.com/mpr/mprx/0_6X3m4aSYtFanBnp8Q5Pl4u7tt84czng8kQzA4ugmS52Fo-EhEGACn2d8yaZHnlyuFFiKcIfDlq2n','http://www.linkedin.com/pub/michael-lee/0/3ba/b99'),(365,'ZTqBNAM3GU','Myong-Ha','Lee','San Francisco Bay Area','Law Practice','http://m.c.lnkd.licdn.com/mpr/mprx/0_JqFQXFX__o47xV7VUPXMX5LS_Ef80VaVUz1JXkqYy7RKhYJsv-cEEX8KSX7xyjf94cLZIi6qsTDR','#'),(366,'M1HJdFpwYe','Richard','Lee','San Francisco Bay Area','Internet','http://m.c.lnkd.licdn.com/mpr/mprx/0_N0TLAXrz_lUrTZtjVV8sAQ_zTND03RCjn4vsAbCIY-JfOxvg4JldxF9L7MShCp_Avp_ROhKiv5tY','http://www.linkedin.com/in/richdylee'),(367,'nljV0Qc-by','Roger','Lee','San Francisco Bay Area','Internet','http://m.c.lnkd.licdn.com/mpr/mprx/0_UQF0Z_gGOhSmMzM3U5BuZhE3OiUGRn43JT18Zhsj357-X-fTc8c198a1raRjZlJDs5L3BbHVn5rR','http://www.linkedin.com/in/rogerrlee'),(368,'0yOQeZPvAC','Sam','Lee','Greater New York City Area','Mental Health Care','http://m.c.lnkd.licdn.com/mpr/mprx/0_goVSNNdd96v7QG2j1uJ-NcELn8TGEGpjxma-N9sqW6v-vQIgA2oTVnaVZS3jdLjAyd4PUlXcfdud','http://www.linkedin.com/in/samlee5'),(369,'TMRzkXoWNJ','Stephanie','Lee','San Francisco Bay Area','Internet','No picture given','http://www.linkedin.com/pub/stephanie-lee/15/584/b59'),(370,'VCtS6keIhs','Tracy','Lee','San Francisco Bay Area','Food & Beverages','http://m.c.lnkd.licdn.com/mpr/mprx/0_7bH7ExwacmKbMCfkS3dpEpWfBScbMF0kD8prEjV0eIiBQ_HXiT4_XgmAM8BZVhOemkol5selC_qk','http://www.linkedin.com/in/tracyslee'),(371,'r1_wdyoQUP','Emily','Lee Chang','Greater New York City Area','Law Practice','No picture given','http://www.linkedin.com/in/emilyleechang'),(372,'kf7em2ho-t','Derek','Lei','San Francisco Bay Area','Internet','http://m.c.lnkd.licdn.com/mpr/mprx/0_imOA6R0NsekBXbEMTEJm6Z29sHisXTIMT2om6ZaQ5mcERLpJ7eaje4seNL_5bQovGSpfd0rsgWcs','http://www.linkedin.com/in/dereklei'),(373,'GLcJYUAZQA','Wendy','Lei','San Francisco Bay Area','Utilities','http://m.c.lnkd.licdn.com/mpr/mprx/0_JE55f_dwiJ7iwjGkM2k9f3MeTMRhwZ_kUSlVf3JVYyfrNpNXvuvWTTSq7cU0HxCe4WbUhQIiIuH3','http://www.linkedin.com/in/wendymlei'),(374,'Xz4tZ847OR','Francisca','Leite','Lisbon Area, Portugal','Research','http://m.c.lnkd.licdn.com/mpr/mprx/0_3rnHNpLaC5bzKy2li-XRNxX2C8rMy0pliACBNxi-g6XW_UIAS9QXV0BpuSKQ04jgh1N9U4j5W7ra','http://www.linkedin.com/pub/francisca-leite/0/505/217'),(375,'OBvT2--Fuc','Ulrike','Lemke','Basel Area, Switzerland','Management Consulting','http://m.c.lnkd.licdn.com/mpr/mprx/0_ndxXKTg4brIPwm3-nIyUKiOqFqpKbm8-qwwUKiY64AH8ZoBtVf7HO_oHdsy7XWTOBogVxk22fO4d','http://www.linkedin.com/pub/ulrike-lemke/a/1b9/7b'),(376,'Gi-zqcl7tU','Peter','Leroe-Muñoz','San Francisco Bay Area','Government Administration','http://m.c.lnkd.licdn.com/mpr/mprx/0_0hOv4PZiw5FTneH8gb0E4rIPwQN29DW8gFoo4AdiNh8pdWYhP6aMnlgD5wq1voeuOipwcnU4wBOW','http://www.linkedin.com/in/peterleroemunoz'),(377,'BeCZIdchBx','Vivian','Leung','San Francisco Bay Area','Internet','http://m.c.lnkd.licdn.com/mpr/mprx/0_gyqUoP8QmIFTfORLgYzeor8IuSqaSgsLx4hXorQnPIhOtJS5AsXBkK-ZC8NAasUdyx95LBqOlDS7','http://www.linkedin.com/in/leungv'),(378,'XmwsyZz87G','Allen','Levitas','San Francisco Bay Area','Computer Software','No picture given','http://www.linkedin.com/pub/allen-levitas/1/724/330'),(379,'WzBQvH46nU','Edward Zekai','Li','San Francisco Bay Area','Computer Software','http://m.c.lnkd.licdn.com/mpr/mprx/0_fxkuMYBFATTk2rOi7Ob1MpLeP6NE29OiDYK1MjkJuL8s1td__MN8cgrcgmqv7A0fayQtnsst7LGd','http://www.linkedin.com/pub/edward-zekai-li/28/687/609'),(380,'Fh0pKITOdT','Lei','Li','China','Law Practice','http://m.c.lnkd.licdn.com/mpr/mprx/0_FfbQYI2d8vYRd4_SbmQvYWSWhzoJIUGS5aPJYWmR0POdq0zDwdBErdVza4E6eyiT625Zlay7k54R','http://www.linkedin.com/pub/lei-li/3/b71/386'),(381,'QxH91538My','Liz','Li','San Francisco Bay Area','Internet','http://m.c.lnkd.licdn.com/mpr/mprx/0_r4vDWBhdKS807lgWtZk-WzP5K75A7-gWtJTtWzlv7dl3KnEdyO53FvLUYCLa2zy5ARB1QtfGeAjh','http://www.linkedin.com/in/lizabethli'),(382,'HNBu8VvYPS','Xiao','Li','San Francisco Bay Area','Internet','http://m.c.lnkd.licdn.com/mpr/mprx/0_JcF2q3-gxCoCOrxrMl51q_BhPi0hY9xrU91PqCvju6IrTteKvAchsG31gSx0jAYp4qL-RLFeN-Lf','http://www.linkedin.com/in/iamxiao'),(383,'le_f09vpZD','Zhijin','Li','San Francisco Bay Area','Computer Software','http://m.c.lnkd.licdn.com/mpr/mprx/0_2weeFywWkdvbwuDBCmMUF0gJkDrbWEjBmuycF0VJUHXBnaoc8SZkWxmcE_KZoSpUDeEnHZH7woU8','http://www.linkedin.com/in/zhijinli'),(384,'QApYZSlgeH','Linus','Liang','San Francisco Bay Area','Computer Software','http://m.c.lnkd.licdn.com/mpr/mprx/0_FIUn3W7ceg0BHazRFfJ53Ia6oRSveSkR527d3oxczOM5BdPUwDws7EIJXvDEIE5c6HMeaSSCwXF9','#'),(385,'CQU8EgeR9x','Ning','Liang','San Francisco Bay Area','Computer Software','http://m.c.lnkd.licdn.com/mpr/mprx/0_tlYgpKTxUr8-Ahc_rP2ap-GYJ-zxPhn_rnEGp-_i6c37ukTiOBmlttcDcyv8rFB7Pty_1vAF58W2','http://www.linkedin.com/in/ningliang'),(386,'ku-AAp61D3','Ilya','Lichtenstein','San Francisco Bay Area','Information Technology and Services','http://m.c.lnkd.licdn.com/mpr/mprx/0_UQF0Z_jg-3ptJKH3JCh2ZhJ8OQUGRn43Mb18Zhsj357-X-fTc8c198a1raRjZlJDs5L3BbXtGoXR','http://www.linkedin.com/in/ilyal'),(387,'Od3ne6KrGN','Jay','Liew','San Francisco Bay Area','Computer Software','http://m.c.lnkd.licdn.com/mpr/mprx/0_IdV5b2JQFwHdwmf9d7ZVbmVLbIxLImf9dHaVb7ZBZSwzqo4nbfoWdf2MW60VeWaVoo4UeHQ5uXLO','http://www.linkedin.com/in/jayliew'),(388,'Uamt3T_NST','Anthony','Limjuco','San Francisco Bay Area','Internet','http://m.c.lnkd.licdn.com/mpr/mprx/0_eyd5KSBdHvEMDft-exoVKfQwX-yWSdi-ogjVKaLVRAeMtSqtXsJWOmlqospnaaGOWxIUxWUfulzb','http://www.linkedin.com/in/alimjuco'),(389,'D35ueydeEz','Albert','Lin','Greater New York City Area','Graphic Design','http://m.c.lnkd.licdn.com/mpr/mprx/0_z4FpDFq5ggupDPkwBxT_D53QxYEKf9zwBJ1_Dk-Z8UY8rtGIMOcr_XQnlro7uAqbqRLGGi2VPsb3','http://www.linkedin.com/pub/albert-lin/6/b73/38'),(390,'CqaGGUrbTX','Alicia','Lin','San Francisco Bay Area','Internet','http://m.c.lnkd.licdn.com/mpr/mprx/0_VoW0fT4wUgf7ECqX4wRhfiEJUxVTokqXZeg8fisMkJalzhikn2M1T_aBvtsYW_zHRdw3hkHstFMf','http://www.linkedin.com/in/aliciahlin'),(391,'aQCS--fbob','Faith','Lin','San Francisco Bay Area','Nonprofit Organization Management','http://m.c.lnkd.licdn.com/mpr/mprx/0_UBEYu6XGZpa_xiFHMrVDukzDZOoG0LcHJnY3u59ObZO-hTheclstGLCrn1EjyG9XsNe8_GkEK37b','http://www.linkedin.com/in/faithlin'),(392,'1T9wk4DXOn','Jennie','Lin','San Francisco Bay Area','Writing and Editing','http://m.c.lnkd.licdn.com/mpr/mprx/0_R2NuP6V6P147o9GxRd5xP5EXPP77or-xJe81P5dzuzUxzNL0Bok8jLgRgYfKWc1PVfntyGUOHPNw','http://www.linkedin.com/pub/jennie-lin/49/bba/624'),(393,'ujhHu_1kjQ','Michael','Lin','San Francisco Bay Area','Computer Software','http://m.c.lnkd.licdn.com/mpr/mprx/0_0-CI4t9Yi5-mAMS8gNT44AvOi8NuPVg8gKnN4AXfp58yuYEhPqtFnlK3DaqPrjyuOA8zcnVCOvTT','http://www.linkedin.com/in/mirikaz'),(394,'495HGwnk6B','Natalie','Lin','Greater New York City Area','Online Media','http://m.c.lnkd.licdn.com/mpr/mprx/0_N0TLAXkBTnsPijCjnVK9Ab3ITND03RCjnUvsAbCIY-JfOxvg4JldxF9L7MShCp_Avp_ROhrRalzY','http://www.linkedin.com/in/natalielin'),(395,'zybvZZeYs8','Richard','Lin','Hong Kong','Law Practice','No picture given','http://www.linkedin.com/pub/richard-lin/1b/662/781'),(396,'fRkguldt_Z','Richard','Lin','San Francisco Bay Area','Computer Networking','http://m.c.lnkd.licdn.com/mpr/mprx/0_IcAN_oP3mU4Wt09MdlGF_ecOmM75tybMd9LI_Wv3l0UvS4KJbA3ZDd3f8NfsAUQvoq1EuawphsPx','http://www.linkedin.com/in/linrichard'),(397,'J-9-yAMrY0','Sarena','Lin','Greater Minneapolis-St. Paul Area','Food Production','No picture given','http://www.linkedin.com/pub/sarena-lin/0/379/556'),(398,'4sYgA6rqXe','Sean','Lin','San Francisco Bay Area','Hospital & Health Care','http://m.c.lnkd.licdn.com/mpr/mprx/0_KMzyHBPoj2ct2rHoOy9iHq1kxu5K2P4o-R3iHztv8Wl81cfEpxLKQv6UlGL77NJ6lscCFthGR1dN','http://www.linkedin.com/in/linsean'),(399,'hP8RG1GYzQ','Sharon','Lin','San Francisco Bay Area','Internet','http://m.c.lnkd.licdn.com/mpr/mprx/0_Ow-uHBHJtorSF-aop7iPHz44rELG5lOopE61HqVLfWA-szdEtSG8QNmIOG5j6n060ertFPX_LSEt','http://www.linkedin.com/pub/sharon-lin/1/451/b13'),(400,'yY2GabDSTE','Shirley','Lin','San Francisco Bay Area','Internet','http://m.c.lnkd.licdn.com/mpr/mprx/0_527SxeYzNKpvQTlfLadYxIIZnreU6XrfbeU-xIuWWnywJ8F7doxTAw4bZjHk5iAikfSPKuYVfRQQ','http://www.linkedin.com/in/shirleylinc'),(401,'VluDVZfpR4','Victor','Lin','San Francisco Bay Area','Marketing and Advertising','http://m.c.lnkd.licdn.com/mpr/mprx/0_2weeFyUe6S9cwuuBaWHBF0EwkmrbWEjBauycF0VJUHXBnaoc8SZkWxmcE_KZoSpUDeEnHZXCZB78','http://www.linkedin.com/in/iamvictor'),(402,'slZF_VijV1','Sue','Lin (LION 4300+)','Beijing City, China','Human Resources','No picture given','http://www.linkedin.com/in/suelin'),(403,'kI11Fea5rD','Peter','Liu','San Francisco Bay Area','Investment Management','No picture given','http://www.linkedin.com/in/wiharper'),(404,'AtYwD0o7jF','Jun','Loayza','San Francisco Bay Area','Internet','http://m.c.lnkd.licdn.com/mpr/mprx/0_-vl8EB_lKezCrlYHt-iPEqTyrHQtKlmHrN50EqACfmtC7zMeYPTuXN5uOL6S1n7X1nPY5P_1EVMY','http://www.linkedin.com/in/junloayza'),(405,'3UhAV2ImCf','Roberto','Loehnert','Chile','Investment Management','http://m.c.lnkd.licdn.com/mpr/mprx/0_V5_s-LR0mtUSqOqyNi1d-QWg2Ka394qyZCBL-QR71vVAdyipn_Pny67TGOmOv0zKRQTkj3dRcV1x','http://www.linkedin.com/pub/roberto-loehnert/1/ba2/955'),(406,'3j_mV72JVh','Mimi','Loo','Greater New York City Area','Human Resources','http://m.c.lnkd.licdn.com/mpr/mprx/0_HOKl9Hbv0CE5frE0eYPa9E9q0XmeiPE0Eyka9wbXh3sZpcgxk48gZI1oAEaB8Nw1djt7J2MrgcCt','http://www.linkedin.com/pub/mimi-loo/3/868/12a'),(407,'nMdTKsqMRi','Alan','Lotrakul, PE','Houston, Texas Area','Oil & Energy','http://m.c.lnkd.licdn.com/mpr/mprx/0_u_fFG4EfbVA597ls2GSZGs7lLsGE9WTsakRZGse7Vx9sdDnVh50IuVpTIqCvvm8nS8DJDjstrqBM','http://www.linkedin.com/pub/alan-lotrakul-pe/8/821/566'),(408,'l8G5OQtmDW','Julian','Low','San Francisco Bay Area','Biotechnology','No picture given','http://www.linkedin.com/pub/julian-low/1/a6b/859'),(409,'EGRqzf8OLN','Larry','Low','San Francisco Bay Area','Law Practice','No picture given','http://www.linkedin.com/pub/larry-low/b/2a/793'),(410,'X9JA3UtIDR','Adrian','Lu','San Francisco Bay Area','Law Practice','No picture given','http://www.linkedin.com/in/adrianlu'),(411,'n7rYOeSEP9','Amber','Lu','Greater New York City Area','Architecture & Planning','No picture given','http://www.linkedin.com/pub/amber-lu/6/800/aa4'),(412,'z6zHWgkAhS','Rachel','Lu','Hong Kong','Law Practice','No picture given','http://www.linkedin.com/in/rachlu'),(413,'aqNncAgVK9','Charmaigne','Lu','San Francisco Bay Area','Information Technology and Services','No picture given','#'),(414,'r-P8_5SlFj','Jim','Luce','Greater Chicago Area','Staffing and Recruiting','http://m.c.lnkd.licdn.com/mpr/mprx/0_8D2tX4OVMoFzk3UshumDXUa9RuGVkkwsC24DXs7wX79oUhyV2IpYEVR5zXCLF_EnTaauIjju574p','http://www.linkedin.com/pub/jim-luce/6/b82/658'),(415,'s5PRC9Nlx4','Raymond','Luk','San Francisco Bay Area','Computer Software','http://m.c.lnkd.licdn.com/mpr/mprx/0_eMnW9EboC6VF2sYxe0vV9H9wGTfLu00xEjC99HNqjFRzPUH0XxQ5ZehV2u7Vf4OPWsNBJ7EEwv8h','http://www.linkedin.com/pub/raymond-luk/2/231/79b'),(416,'iDkzWPyMgV','Ton','Luong','San Francisco Bay Area','Museums and Institutions','http://m.c.lnkd.licdn.com/mpr/mprx/0_u1nHTOLhmO5E0JAnGNbUTgvCCY-Ej0KnaqCBTyklgU6sGUb9hzQXfprxurtvY4lsSrN9mRsb-JGr','http://www.linkedin.com/in/tonluong'),(417,'vqNQC5Ib59','Philip','Ma','San Francisco Bay Area','Biotechnology','No picture given','http://www.linkedin.com/pub/philip-ma/11/502/58b'),(418,'gghlEVLk3S','Kishan','Madamala','San Francisco Bay Area','Retail','http://m.c.lnkd.licdn.com/mpr/mprx/0_eyd5KSCEQ9UQSdC-EjwsKfnsXByWSdi-oUjVKaLVRAeMtSqtXsJWOmlqospnaaGOWxIUxWUpu63b','http://www.linkedin.com/in/kishanmadamala'),(419,'x2SLzbUgYc','Harpinder Singh','Madan','San Francisco Bay Area','Internet','http://m.c.lnkd.licdn.com/mpr/mprx/0_NArAmT11yx0tKqbb9nAamGrjyssxt-bb9rXmmG_T_xm7SnKF4chjhCc7tqV8AzQwv--fT5gB-maL','http://www.linkedin.com/in/harpi'),(420,'Y2SmwczXHg','Alyson','Madrigan','San Francisco Bay Area','Design','http://m.c.lnkd.licdn.com/mpr/mprx/0_z0kCBhA6rTUtSKjrcxvlBCLFtF0ySnDrBOKjBCCsSGIut-VKMJNmJG9NyWx_al2pqpQyZLr88P_B','http://www.linkedin.com/in/alymadrigan'),(421,'vDKaCDJmZB','Nancy','Magee','San Francisco Bay Area','Computer Software','http://m.c.lnkd.licdn.com/mpr/mprx/0_yHCbiqec_yt_LxlZy2_qinWWiVT85VhZOfn4in4dpyvKsYc4ratwS9uFDc3x6j3NgI8M2AoEqKIE','http://www.linkedin.com/pub/nancy-magee/1/119/608'),(422,'ruRJszsJC_','Amy','Magruder','San Francisco Bay Area','Internet','http://m.c.lnkd.licdn.com/mpr/mprx/0_3rnHNjP8G3qMK0gl_-BcNYCtC8rMy0pl_cCBNxi-g6XW_UIAS9QXV0BpuSKQ04jgh1N9U4gZXRqa','http://www.linkedin.com/in/amymagruder'),(423,'tNAkr5v7gK','Joseph','Mahavuthivanij','San Francisco Bay Area','Internet','http://m.c.lnkd.licdn.com/mpr/mprx/0_gyqUoPBd2DhiSgRL0jLkorXduSqaSgsL14hXorQnPIhOtJS5AsXBkK-ZC8NAasUdyx95LBqmkLO7','http://www.linkedin.com/in/mahavuthivanij'),(424,'q0onz_E6yJ','Andrew','Mak','Greater Seattle Area','Think Tanks','http://m.c.lnkd.licdn.com/mpr/mprx/0_WTL7mWMGKpuIMn-IwFbpmoU_-JIwMzPIwQArmIoxDV0UQlkwLbz_hwYlplwNV-tFeCFlTuqqTVfi','http://www.linkedin.com/in/andrewmak'),(425,'GyItQhCQWA','Chris','Makler','San Francisco Bay Area','E-Learning','http://m.c.lnkd.licdn.com/mpr/mprx/0_VqIaHT6792um1Qg64rMAHivONuM30Qp6Zn0lHiBYwoSAhGIQn-RGQ_iKsTJOyTjoRcdrFk5NbmNA','http://www.linkedin.com/in/chrismakler'),(426,'oG0TawYsPg','Matteo','Mancini','Singapore','Management Consulting','http://m.c.lnkd.licdn.com/mpr/mprx/0_5R4EH73Xko2zGa7Q5OeJHDTo6uZBaSOQFV2zHDrnJWubAdd6djHQQSkZHG4eSE0Ek4VNFECCPTww','http://www.linkedin.com/in/mancinimatteo'),(427,'oiKjjZpbeK','Amudhan','Manickaraj','San Francisco Bay Area','Internet','http://m.c.lnkd.licdn.com/mpr/mprx/0_yq555nXfia62jYOMOPiV5qX_T7_8xZ7MYnlV5zqxYuBK8pZJr-vWIv8l7FixpxmvgcbUEt6IDz0M','http://www.linkedin.com/in/amudhanmanickaraj'),(428,'Jk_vIedqNU','Ronald','Mannak','San Francisco Bay Area','Computer Games','http://m.c.lnkd.licdn.com/mpr/mprx/0_z4FpDFrLgUgxS9Lwvx6_Dk_LxYEKf9zwB01_Dk-Z8UY8rtGIMOcr_XQnlro7uAqbqRLGGiulb4q3','http://www.linkedin.com/in/ronaldmannak'),(429,'M7c3AEjqoT','Dean','Mao','San Francisco Bay Area','Computer Software','http://m.c.lnkd.licdn.com/mpr/mprx/0_C-W9Ush7oLCZgaZ28cZ5U4l7okLJxHd2h1gWU4GxzTAd8uOuaqMVzZnlXo56pfHh_AwHNxyrCpZc','http://www.linkedin.com/in/deanmao'),(430,'70IgTQea62','David','Marks','San Francisco Bay Area','Computer Software','http://m.c.lnkd.licdn.com/mpr/mprx/0_oCf8Sdwlz0Sb9_tEkQHxSwHlvZHIq5CEH6R0SEw2EOpRI3voQk0uio0GUveqBC_QITDYCDMnrGTm','http://www.linkedin.com/in/davidbmarks'),(431,'zRuqwZoiQK','Sohil','Maru','San Francisco Bay Area','Computer Software','No picture given','http://www.linkedin.com/in/sohilmaru'),(432,'_FjeC3TXeb','Shaun','Mathew','Austin, Texas Area','Law Practice','http://m.c.lnkd.licdn.com/mpr/mprx/0_GoniwODXraFkQ10Q8EbrwgxI-eNqE1mQheCywgyqDa8XvBM6m2QfLjHVp5qIdq7EidNjkVaZtyj_','#'),(433,'jVBTH78AeG','Binny','Mathews','Bengaluru Area, India','E-Learning','http://m.c.lnkd.licdn.com/mpr/mprx/0_5R4EHmr9kIfbaa7QLy0zHDB66fZBaSOQFM2zHDrnJWubAdd6djHQQSkZHG4eSE0Ek4VNFEarlIww','http://www.linkedin.com/in/binnymathews'),(434,'Ns_Jct2ogU','Claire','McDonnell','San Francisco Bay Area','Internet','http://m.c.lnkd.licdn.com/mpr/mprx/0_jOgiHAF9UW323Fx6PVmrHP_NBdvfi3a6x0WyHPXke7T0p5JQl4SfQ1KEMXzr86fopjxjFq9nXJy-','http://www.linkedin.com/in/clairemcdonnell'),(435,'MftoI8OqeX','Lindsay','McGregor','Greater Boston Area','Nonprofit Organization Management','http://m.c.lnkd.licdn.com/mpr/mprx/0_yq555n60TaXKjYOMyriV5qBmT7_8xZ7MYzlV5zqxYuBK8pZJr-vWIv8l7FixpxmvgcbUEtEncHZM','http://www.linkedin.com/pub/lindsay-mcgregor/10/799/278'),(436,'jFHKzrl1DY','James','McPhail','San Francisco Bay Area','Computer Software','http://m.c.lnkd.licdn.com/mpr/mprx/0_iqpxyx1jRr3903LCTAYhyjKrU-cn1CzCTnHhyj-GkciQ26GG7-2P-gQ2vyBWK5qmGcOTPs8adrc3','http://www.linkedin.com/in/jmcphail'),(437,'WUQq03e-92','Nick','Medica','Greater Atlanta Area','Staffing and Recruiting','http://m.c.lnkd.licdn.com/mpr/mprx/0_hqAXN0PP83vnlspAhcGBNy1KCQlc1y2AmKLUNylCgh5F24Rlu-3HVpLuuwAHKUDj3c1VUR_OptmU','http://www.linkedin.com/pub/nick-medica/6/759/397'),(438,'pm_j1Uv6QJ','Parag','Mehta','Washington D.C. Metro Area','Government Administration','http://m.c.lnkd.licdn.com/mpr/mprx/0_H1YHLaLKeaoQlESNQcOBLSn8k7jelupNEqEBLSF8UEdZmHIqkzmXwDPmE3gB-wjZdry9oovFsuck','http://www.linkedin.com/pub/parag-mehta/27/b94/574'),(439,'XWboqMEmPH','Soham','Mehta','San Francisco Bay Area','Computer Software','http://m.c.lnkd.licdn.com/mpr/mprx/0_0hOv4PeYb61DNDM8gLyo4AWpwQN29DW8jkoo4AdiNh8pdWYhP6aMnlgD5wq1voeuOipwcncsS5MW','http://www.linkedin.com/in/soham'),(440,'JoRc-AVCLF','Kelly','Mei','San Francisco Bay Area','Hospital & Health Care','http://m.c.lnkd.licdn.com/mpr/mprx/0_k14DPHX_9KZdlGr06A0-PEADn9mJgTl0oB2tPwCKWzsdCLQxHzH3jI9YZYa6OQK15rV1y2rQZPPo','http://www.linkedin.com/pub/kelly-mei/72/90b/8a7'),(441,'lU9Fc8eiG2','Ravi','Meka','Houston, Texas Area','Oil & Energy','No picture given','http://www.linkedin.com/in/ravimeka'),(442,'2msPOPJ9ES','Joe','Mellin','San Francisco Bay Area','Design','http://m.c.lnkd.licdn.com/mpr/mprx/0_5J73_m1En4eniXlz5RDY_DnonpYcTXTzFOUY_DAoW0EFY8nvd0xDDS5XZNOHGi8JkVS0uEi6FaYy','http://www.linkedin.com/in/joemellin'),(443,'dJDGo6yK1C','Matthew','Merkle','Greater New York City Area','Law Practice','http://m.c.lnkd.licdn.com/mpr/mprx/0_Dr__gVkOPltwKNt2fz8KgMn0lt5WrNi27ABpgML7mllMfrquT9P71JlTxVLnPPGh21TgtOc7aDG6','http://www.linkedin.com/pub/matthew-merkle/3/61/18b'),(444,'WFWbmSVIg6','Jerry','Michalski','San Francisco Bay Area','Internet','http://m.c.lnkd.licdn.com/mpr/mprx/0_yths_Kktuy9ytUqvyn35_1cY2xPut4qvOvqL_1XS1JbySyizrNrnDPK_Gt1PA0zMglGkuNVrpD8T','http://www.linkedin.com/in/jerrymichalski'),(445,'UUbhZSevxM','Jeff','Michels','San Francisco Bay Area','Computer Software','No picture given','http://www.linkedin.com/in/jeffmichels'),(446,'GjQby3XXr3','Othmane','Mikou','Morocco','Management Consulting','http://m.c.lnkd.licdn.com/mpr/mprx/0_-ev3kqmLrIn0e-pRtwktkBudKd3tH-SRK7TYkBg977zCcnsUYm5Docd4YXTSwzuc1wB0wr7pv5Kq','http://www.linkedin.com/pub/othmane-mikou/1/670/871'),(447,'McDQW_Al8W','John','Milinovich','San Francisco Bay Area','Internet','http://m.c.lnkd.licdn.com/mpr/mprx/0_mbFan0W7-hNeMnytmkqAnyUGtXA5Jnyt2L1lngMYSFLv6-w-GTcG4jDKyulsslgY7kLrMVFZLQsv','http://www.linkedin.com/in/jmilinovich'),(448,'KJKFw_wVnN','David','Miller','San Francisco Bay Area','Internet','http://m.c.lnkd.licdn.com/mpr/mprx/0_rmBXqlawT_NtEZ2rtdnBq-Oc3iPjej2r-2_Uq1ScOhbDBMRKyebHsPJJfw1GIVDpASvVRNPnyDNU','http://www.linkedin.com/in/davidmiller4'),(449,'DU_QVLyv-8','Geeyoung','Min','Charlottesville, Virginia Area','Legal Services','No picture given','http://www.linkedin.com/pub/geeyoung-min/7/3b3/301'),(450,'FMgWfb2GcV','Du','Ming','Greater Boston Area','Law Practice','No picture given','http://www.linkedin.com/pub/du-ming/3/891/541'),(451,'rzWM8MXrOd','Anne','Mitchell Brizgys','San Francisco Bay Area','Staffing and Recruiting','http://m.c.lnkd.licdn.com/mpr/mprx/0_Z3_74XVjlhs7ncau4Tty4bHjlie7qNxuV_Br4bW2m6yxIre2qFP_nFjGxSHKBPY8MGTlchUpw6Xf','http://www.linkedin.com/pub/anne-mitchell-brizgys/15/664/488'),(452,'uGxiIcLUdi','Jennifer','Mitchell, CIR CSSR','San Francisco Bay Area','Internet','http://m.c.lnkd.licdn.com/mpr/mprx/0_zdfeRCjEQGuybdu3z72BR3fVkCRKbdj3BwRcR3YoUXf8ZSoTMf0kvToXE7U7XapDqoDnqQ89iR7g','http://www.linkedin.com/in/jennifermitchell'),(453,'6zF0bBrw2T','Sara','Mo Lee','San Francisco Bay Area','Law Practice','http://m.c.lnkd.licdn.com/mpr/mprx/0_mB1VmsXYSZC5lVqw2vlLm4bi70Q5Pxvw2KF5m4v_KVtvuRCIGli9hZ3STl6srZNb7NAXTxbyhdBO','http://www.linkedin.com/pub/sara-mo-lee/6/4b0/976'),(454,'7Md6zChiJN','Zuber','Mohammed','Greater New York City Area','Management Consulting','http://m.c.lnkd.licdn.com/mpr/mprx/0_iqpxyY-GUttRlCNC_PmhyjqYU-cn1CzCT1Hhyj-GkciQ26GG7-2P-gQ2vyBWK5qmGcOTPsh3LKi3','http://www.linkedin.com/in/zuberm'),(455,'04M6ydsmUb','Vasanth','Mohanraj','San Francisco Bay Area','Information Technology and Services','http://m.c.lnkd.licdn.com/mpr/mprx/0_KMzyHnt5xWn-hP4o-Uq_HztHxf5K2P4otj3iHztv8Wl81cfEpxLKQv6UlGL77NJ6lscCFt8WGKdN','http://www.linkedin.com/in/vasanthmohanraj'),(456,'gV54HIilEG','Vivek','Mohta','San Francisco Bay Area','Oil & Energy','http://m.c.lnkd.licdn.com/mpr/mprx/0_bvDvUeGpoTVqrEduLnaQUo8PHCHNKEdu5cJoUoAmcTpk7aO2IPjMzE586oew1SH8QnfwNSf9H8JZ','http://www.linkedin.com/in/vmohta'),(457,'xV_nhPB0Fb','Wilson','Mok','Greater Seattle Area','Philanthropy','No picture given','http://www.linkedin.com/pub/wilson-mok/29/152/320'),(458,'6eMkjOjYzR','Marc','Molinaro','San Francisco Bay Area','Internet','http://m.c.lnkd.licdn.com/mpr/mprx/0_goVSNNZNnh5GQTpjgSJtN9ILnLTGEGpjxDa-N9sqW6v-vQIgA2oTVnaVZS3jdLjAyd4PUlkd2hed','http://www.linkedin.com/in/mmolinaro'),(459,'CKCPb6K25J','A. Reid','Monroe-Sheridan','Japan','Law Practice','http://m.c.lnkd.licdn.com/mpr/mprx/0_N-oHBbthbTRt1IDpqrEcBX83F3f00eyp9zOBBXGO4bRfh2wy4qVXJknrd27hy7grvAH9Z_pJTJqy','http://www.linkedin.com/in/monroesheridan'),(460,'747ODfDNhD','Amy','Montalvo','Cape Town Area, South Africa','Media Production','http://m.c.lnkd.licdn.com/mpr/mprx/0_ByD7XFCUNoZr3QxVBYOKX5Knqu7O3QxVv4JrX58IIoUaOGesRsj_ELqLVTf3CTY9nxflIGtsc2e5','http://www.linkedin.com/in/amymontalvo'),(461,'YnymylaIDj','Jay','Moon','San Francisco Bay Area','Internet','No picture given','http://www.linkedin.com/in/jaykmoon'),(462,'2QNDYCUHRi','Ken','Moon','San Francisco Bay Area','Research','http://m.c.lnkd.licdn.com/mpr/mprx/0_Oz05kBNKXIc-lExUpvgnkzF8Xd8Clf7UyBIVkqchR2NtmwZRt1fWoN_aobhg-HmB09jUwPLSh9hU','http://www.linkedin.com/in/moonkenneth'),(463,'AT2Rxc-s4S','Adilson','Moreira','Greater Boston Area','Higher Education','http://m.c.lnkd.licdn.com/mpr/mprx/0_IcAN_oQYCJUkt0BM51BI_WLPmV75tybMW9LI_Wv3l0UvS4KJbA3ZDd3f8NfsAUQvoq1EuabW9Khx','http://www.linkedin.com/pub/adilson-moreira/0/889/a18'),(464,'cY00Cnk-_U','Adilson','Moreira','Greater Boston Area','Judiciary','No picture given','http://www.linkedin.com/pub/adilson-moreira/5/146/477'),(465,'ljlLYkxmAF','Lane','Morgan','Dallas/Fort Worth Area','Legal Services','http://m.c.lnkd.licdn.com/mpr/mprx/0_tK6jMzP7yQTljBUfpc3mMnK8y_kxjqUfKq-CMBig_LK7GKu7On9AccBPtmX8Y1siPPXinrgbxXkr','http://www.linkedin.com/in/lanemorgan'),(466,'UHjG4IucBB','David','Moss','Greater New York City Area','Financial Services','http://m.c.lnkd.licdn.com/mpr/mprx/0_gnYAT9B0MUK8AhcVgPSaTvbYJZ_GlhFV0BEmTvn86OB-mkrsAKmjfzGmcvij-F69yvyfm-k77sDC','http://www.linkedin.com/in/davidnmoss'),(467,'wClp5m4FFD','Andy','Mowat','San Francisco Bay Area','Executive Office','http://m.c.lnkd.licdn.com/mpr/mprx/0_Pk_hA9D-t1X1q-tg1QL1ANVgrt8AqqigjhBxANg2flN3IKqj0CP2xqdGOVhaB1GltbTOO1fRe_aB','http://www.linkedin.com/in/amowat'),(468,'yLsii8CLA1','Sasank','Mudunuri','San Francisco Bay Area','Internet','No picture given','http://www.linkedin.com/pub/sasank-mudunuri/3/916/304'),(469,'0dXvyJkIFL','Katherine','Murray','San Francisco Bay Area','Research','http://m.c.lnkd.licdn.com/mpr/mprx/0_Y7bJr1ELSA62oZL1ywkorlfLSltfERN1pmPQrleZtNQ0vx_P-WBzYApn_0-rdpv0xu5F099vSP3-','http://www.linkedin.com/in/katmurray'),(470,'_qSw-08D1l','Newman','Nahas','United States','Law Practice','http://m.c.lnkd.licdn.com/mpr/mprx/0_2weeFgodeSLeWujBmIWcF0EokDrbWEjBmEycF0VJUHXBnaoc8SZkWxmcE_KZoSpUDeEnHZHNuOU8','http://www.linkedin.com/pub/newman-nahas/b/472/472'),(471,'8E59W2K7Jc','Alain','Nakamura','San Francisco Bay Area','Staffing and Recruiting','No picture given','http://www.linkedin.com/pub/alain-nakamura/3/751/801'),(472,'thWJE3wS7H','Mike','Nardis','Greater New York City Area','Management Consulting','http://m.c.lnkd.licdn.com/mpr/mprx/0_yths_lzPa0byrOqvyBKL_1F02pPut4qvOPqL_1XS1JbySyizrNrnDPK_Gt1PA0zMglGkuNnzYtLT','http://www.linkedin.com/in/michaelnardis'),(473,'CDzXlc2Fiv','Mehul','Nariyawala','San Francisco Bay Area','Internet','http://m.c.lnkd.licdn.com/mpr/mprx/0_XUxLRHhJFLmz_e0DXpmnRw_qbkIq_mmD60wsRwr5ZG0XyoMSeg7dvIkwWWwIhW73LZgRq2aJGj0j','http://www.linkedin.com/pub/mehul-nariyawala/0/303/325'),(474,'rxKheLTRZm','Scott','Neuman','Washington D.C. Metro Area','Renewables & Environment','No picture given','http://www.linkedin.com/in/scottwneuman'),(475,'FYxl61rjYD','Anita','Ngai','Hong Kong','Online Media','No picture given','http://www.linkedin.com/pub/anita-ngai/5/202/557'),(476,'hacWC1ZDbk','Adam','Nguyen','Greater New York City Area','Information Services','http://m.c.lnkd.licdn.com/mpr/mprx/0_4dB698so8hZCIUfPnmKM9GREhb0CIgfPVS_M9GRc03ItqJ41NfboZC7JaExgesaxJov4J5d3o8Rp','http://www.linkedin.com/pub/adam-nguyen/3/780/603'),(477,'b8ZEP7Pir1','Tran','Nguyen','San Francisco Bay Area','Mental Health Care','http://m.c.lnkd.licdn.com/mpr/mprx/0_Y5gdzKsPLi_3nex-rTjsz-wKb_KinDO-pCWnz-ZCZLk1WWdt-_SLUt2uWmrpzo0OxQxcVvEjGk6E','http://www.linkedin.com/pub/tran-nguyen/61/271/6a1'),(478,'XgOmg-rqKF','Y. Nancy','Ni','Greater Boston Area','Law Practice','http://m.c.lnkd.licdn.com/mpr/mprx/0_TOAnqYrZfh8UTVWKTVPdqjrv7Q-ZipHKiyLdqpTkK_6epZ0rD43ssyzETHtb8Rdy8j1eRU0Uynvc','http://www.linkedin.com/pub/y-nancy-ni/21/5a0/203'),(479,'g5T9CewIkq','Ruby','Nichols','Greater Los Angeles Area','Marketing and Advertising','http://m.c.lnkd.licdn.com/mpr/mprx/0_HAcsUdzG7bRdYpeuozBdUEkf7CeHYpZuEriLUw6AKXy4TZ72kcFnzIt0T7HcjRM8d-zkN2q6jdBX','http://www.linkedin.com/pub/ruby-nichols/2/165/354'),(480,'7P9_szu_yA','CHRIS','NICHOLSON, CFA','Greater New York City Area','Investment Management','http://m.c.lnkd.licdn.com/mpr/mprx/0_8GEYKygm4cLMMLc-h_M3KO2aZlrsJLc-GLY3K0aObNXE6Tht2XstOxsrn0K5sG9OT3e8xZrIJVo1','http://www.linkedin.com/in/chrisnicholson'),(481,'00H0mf2DBY','Kazuhiro','Ninomiya','Greater New York City Area','Management Consulting','No picture given','http://www.linkedin.com/pub/kazuhiro-ninomiya/1/296/298'),(482,'ePRdke3M3S','Jason','Nou','San Francisco Bay Area','Broadcast Media','http://m.c.lnkd.licdn.com/mpr/mprx/0_54wi7e8bBgj9f3-dbpJy7IlZBVecfFGdFsxy7IlZe0yFr_zWdOUf3wLnMNHHuhiLkRWj8u7QGu-z','http://www.linkedin.com/pub/jason-nou/b/573/883'),(483,'0zp60G0fHI','Lori','Nunan','Austin, Texas Area','Management Consulting','http://m.c.lnkd.licdn.com/mpr/mprx/0_gnYAT9cjUyN2A5QV1AxGTNv0JZ_GlhFVx-EmTvn86OB-mkrsAKmjfzGmcvij-F69yvyfm-eZZWEC','http://www.linkedin.com/in/lorinunan'),(484,'iUvBJmDFca','David','Obershaw','San Francisco Bay Area','Computer Software','No picture given','http://www.linkedin.com/pub/david-obershaw/4/a09/4b8'),(485,'kE6AmhObYU','Nozomi','Oda','Japan','Law Practice','No picture given','http://www.linkedin.com/pub/nozomi-oda/16/914/a35'),(486,'02j4U1riNV','Jack','O\'Holleran','San Francisco Bay Area','Computer Software','http://m.c.lnkd.licdn.com/mpr/mprx/0_ndxXKTSJbNU8Fe3-nD0RKGpMFqpKbm8-qawUKiY64AH8ZoBtVf7HO_oHdsy7XWTOBogVxkhyBj4d','http://www.linkedin.com/in/oholleran'),(487,'3wkpQlnn0Q','Aditya','Ojha','San Francisco Bay Area','Computer Software','No picture given','http://www.linkedin.com/in/adityaojha'),(488,'v00rvp035Y','Scott','OKoniewski','Savannah, Georgia Area','Financial Services','http://m.c.lnkd.licdn.com/mpr/mprx/0_fXI2TMUYv0QEJ5tsDkU0TVduvjCQJ61sDL0PTR4YEUnn6CXV_GRhfUuKUrGMs3-naFd-myEkf2F2','http://www.linkedin.com/pub/scott-okoniewski/0/22b/5a6'),(489,'833bj1iFsz','Dan','Olsen','San Francisco Bay Area','Internet','http://m.c.lnkd.licdn.com/mpr/mprx/0_utI7LyBT9uQkOL7qunwyLOFGq2rEYQxqav0rL0XjIEXsTGeNhNR_wxK1V3KvjTY4SldloZs5Z8yL','http://www.linkedin.com/in/danolsen98'),(490,'8y_hnDmZrV','Harold','O\'Neal','Greater New York City Area','Music','http://m.c.lnkd.licdn.com/mpr/mprx/0_XGm9LHYgIde4c2MZXkO5LwgfW7DZvoWZEQsWLwSfnuJeEmY4eXYVwIJ3bFSb9DeNL3uHo21VGFTC','http://www.linkedin.com/pub/harold-o-neal/74/20a/a35'),(491,'9gmDbVwSuJ','Aihui','Ong','San Francisco Bay Area','Internet','http://m.c.lnkd.licdn.com/mpr/mprx/0_zVbmGhiW1VeAaNT9vyLjG_loAy0rucl9BZPAGC1ZaMIhPPQnMpBCuGbn0-xffrKVqJ5KDLDvXHD1','http://www.linkedin.com/in/aihui'),(492,'Pi-1lA_tvZ','Justin','Osofsky','San Francisco Bay Area','Internet','http://m.c.lnkd.licdn.com/mpr/mprx/0_zVjRUCAvdi0ACWI8BOgXU33Nd3Zr82R8BRdkU31k9Xuhxe2hMpDczTbEF74fiIVuqJ0LNQ3tQmLH','http://www.linkedin.com/in/osofsky'),(493,'I0p5dSHyWh','Yukiko','Otani','Japan','Law Practice','No picture given','http://www.linkedin.com/pub/yukiko-otani/26/b64/511'),(494,'Jk48J62W8G','Caroline','Otonglo','Tunisia','Financial Services','No picture given','http://www.linkedin.com/pub/caroline-otonglo/3/618/5a4'),(495,'zGJ8-P3wRs','Vanessa','Palmer','Greater New York City Area','Nonprofit Organization Management','http://m.c.lnkd.licdn.com/mpr/mprx/0_HAcsUHBADGfeYMZuo-q5UE5D73eHYpZuEPiLUw6AKXy4TZ72kcFnzIt0T7HcjRM8d-zkN2qj15qX','http://www.linkedin.com/in/vanessapalmer'),(496,'rZxaFrf9so','Bin','Pan','San Francisco Bay Area','Information Technology and Services','http://m.c.lnkd.licdn.com/mpr/mprx/0_-OwaAqPHzB1af33jKjEgABAwcA3YfFKjKyxlABTZHBzmr_bgY4UGxcznJpTTuhlA1jWrOr13UxQ7','http://www.linkedin.com/pub/bin-pan/10/518/125'),(497,'_Vw3xKcl6w','Adarsh','Pandit','San Francisco Bay Area','Internet','No picture given','http://www.linkedin.com/in/adarshpandit'),(498,'JNlb2nILx9','Abhi','Pant','San Francisco Bay Area','Internet','No picture given','http://www.linkedin.com/pub/abhi-pant/8/991/24b'),(499,'jBDZOZtMda','Alan','Park','China','E-Learning','http://m.c.lnkd.licdn.com/mpr/mprx/0_-RFTK-roAcN1mrKt-0hYKlGI1BA-m98tKM1OKlrR2ALGltB-YjcSOAkzjslDDATY14Lxx9aW8W7G','http://www.linkedin.com/in/alancpark'),(500,'_Nq69t4dUF','Matt','Park','San Francisco Bay Area','Internet','http://m.c.lnkd.licdn.com/mpr/mprx/0_EBP1XfqY0oMEPN4neP32XuLygdO6PtHnHnbuXuv_C7o9u9096l_0E23SPXYJrvdswNlDIIFzsgqj','http://www.linkedin.com/in/matthewjpark'),(501,'4hnvH9GnTs','Chantal','Patel','Copenhagen Area, Denmark','Law Practice','http://m.c.lnkd.licdn.com/mpr/mprx/0_2bYEOyU_FPbbM2-h2CpJO0Ux5Kvbv2-hm8EzO0VisvTBEeL88TmQKxmDwOzZ9I12DkyNAZk15pEk','http://www.linkedin.com/pub/chantal-patel/5/875/990'),(502,'8h3T7pU2oE','Nealesh','Patel','San Francisco Bay Area','Internet','No picture given','http://www.linkedin.com/pub/nealesh-patel/1/5a0/b27'),(503,'IAbOeRJY12','Vijen','Patel','San Francisco Bay Area','Venture Capital & Private Equity','http://m.c.lnkd.licdn.com/mpr/mprx/0_bNwbMo-g6QmBOHp7d1J4MWTSQ5WNYw27Lvx4MWljM8gkTfRfItUwcdL1eIdwjuD_QBWMna_mJcx5','http://www.linkedin.com/in/vijenpatel'),(504,'RJajJn2PNW','Darcy','Paul','San Francisco Bay Area','Law Practice','http://m.c.lnkd.licdn.com/mpr/mprx/0_utI7LyGTqfXIY8Oqa1oyLO63q7rEYQxqar0rL0XjIEXsTGeNhNR_wxK1V3KvjTY4SldloZn7A4jL','http://www.linkedin.com/pub/darcy-paul/6/87a/843'),(505,'4O2P2g7Cf6','Shernaz','Pavri','San Francisco Bay Area','Design','http://m.c.lnkd.licdn.com/mpr/mprx/0_8LXTPU02t1vnRlTx83NtPJfuKv_nUBhxGbrOPJYy7KBQk1c02iqSjMotYRiW4K3PT66xyY2wMD9q','http://www.linkedin.com/in/shernazpavri'),(506,'UemF91KE-b','Ward','Penney','Greater New York City Area','Internet','http://m.c.lnkd.licdn.com/mpr/mprx/0_VoW0f8MwUg2THFXXNSEufiRMUVVTokqXZDg8fisMkJalzhikn2M1T_aBvtsYW_zHRdw3hkHCpE7f','http://www.linkedin.com/in/wardpenney'),(507,'CzETFPUNQs','Monisha','Perkash','San Francisco Bay Area','Internet','http://m.c.lnkd.licdn.com/mpr/mprx/0_uXLP60ID-e3XRnezm_526yduOH-QMzdzaiA26y4x3D6nQlOvhGzxepulrQtMV-HJSFFSdR6MMEP9','http://www.linkedin.com/in/monishaperkash'),(508,'3dnX4nbvnP','Joseph','Perkins','San Francisco Bay Area','Law Practice','No picture given','http://www.linkedin.com/pub/joseph-perkins/5/358/37b'),(509,'ihob1vdpHR','Eve','Peters','Greater Los Angeles Area','Internet','http://m.c.lnkd.licdn.com/mpr/mprx/0_y9lKklXjp2iaKqHBOnKfk1Q1purhKlHBYc5fk1zCi7Xr7z0crrTyoPTu-XK01ndUgzPmwNFL5S-t','http://www.linkedin.com/in/evepeters'),(510,'gG4U8Zzj6A','Rajiv','Phillippupillai','Sri Lanka','Internet','http://m.c.lnkd.licdn.com/mpr/mprx/0_SEVdfjoeL0AwWeGXSej9fYRwbV9XIm-XiaanfxsBZJGqqoLk3uoLT0aMWtnReW1HuW4ch4kb8J5F','http://www.linkedin.com/in/rajivmb'),(511,'W5PjhLJJNe','Taylor','Phillips','San Francisco Bay Area','Computer Software','http://m.c.lnkd.licdn.com/mpr/mprx/0_FiVC9mg_vkJVU3y153Ej92aacbOJRCD15Taj92mlHCodX6VPwLomZuVxJdY6Z5206h4yJwp9l6LP','http://www.linkedin.com/in/taylorcphillips'),(512,'1GJShgOqge','Prasenjit','Phukan','San Francisco Bay Area','Internet','http://m.c.lnkd.licdn.com/mpr/mprx/0_8LXTPsyu-BX9RqrxhCLYP4yhK9_nUBhxCTrOPJYy7KBQk1c02iqSjMotYRiW4K3PT66xyY2nXzvq','http://www.linkedin.com/in/prasenjitphukan'),(513,'XloXPWzDs7','Julene Dee','Pief','San Francisco Bay Area','Computer Hardware','http://m.c.lnkd.licdn.com/mpr/mprx/0_mv6Vd4bThuCdK4MehlkLdUka27FLy4Me2c-5dUNO1E1z_ymHGP99bRhrG3bV00Zk7nXX6pEqjnl1','http://www.linkedin.com/pub/julene-dee-pief/0/803/231'),(514,'UcmicjnjdX','Kai','Pommerenke','San Francisco Bay Area','Internet','http://m.c.lnkd.licdn.com/mpr/mprx/0_bvDvUWnPXL2XtuZu5loEUonYHkHNKEduLNJoUoAmcTpk7aO2IPjMzE586oew1SH8QnfwNS_8WkjZ','http://www.linkedin.com/in/kaipommerenke'),(515,'QnpyeHJnPz','Alex','Poon','San Francisco Bay Area','Internet','http://m.c.lnkd.licdn.com/mpr/mprx/0_eMnW9EcqhhsHayfxHOXn9dFqGGfLu00xoRC99HNqjFRzPUH0XxQ5ZehV2u7Vf4OPWsNBJ76ncHth','http://www.linkedin.com/in/thealexpoon'),(516,'kwRZfHk7ji','Andrew','Pottenger','San Francisco Bay Area','Internet','http://m.c.lnkd.licdn.com/mpr/mprx/0_IcAN_onPmyHLY0bMWqhw_WPlmM75tybMWrLI_Wv3l0UvS4KJbA3ZDd3f8NfsAUQvoq1EuawSvqbx','http://www.linkedin.com/in/apotts15'),(517,'e9Umd-4uxK','Christine','Powers','Dallas/Fort Worth Area','Law Practice','http://m.c.lnkd.licdn.com/mpr/mprx/0_tpExEq-6VolKaLZeK0UhEnTE4SFxuLJeKYYhEBi4FI17PTaHOVsPXcB998b8fG4kP0eT5rlH8Uzz','http://www.linkedin.com/pub/christine-powers/9/a3b/357'),(518,'FqORPwsIrK','Marissa \"Missy\"','Purkiss','San Francisco Bay Area','Computer Software','http://m.c.lnkd.licdn.com/mpr/mprx/0_FIUn3eOoE0dBkakR5dJd3Im5oZSveSkRW77d3oxczOM5BdPUwDws7EIJXvDEIE5c6HMeaSSsUUQ9','http://www.linkedin.com/in/missypurkiss'),(519,'tiX2fL8J62','Samir','Qamar, M.D.','Las Vegas, Nevada Area','Medical Practice','http://m.c.lnkd.licdn.com/mpr/mprx/0_Vu55r82X_9HjbZ1PNInsrGVLTBxSwZiPZalVriEVYAwgNpq1nEvWY_Oq7s0tHxGxR7bU0k4JdvR9','http://www.linkedin.com/pub/samir-qamar-m-d/15/616/925'),(520,'St-ivvDff3','Timothy','Quek','China','Venture Capital & Private Equity','http://m.c.lnkd.licdn.com/mpr/mprx/0_q6hJ9iD-f3SgnjJ1NXQ69T0PSTY-nZZ1nFqQ9TyatkEGWp7PZhrzZ3Hh_fODzxM0zLGFJ6aP_jvb','http://www.linkedin.com/pub/timothy-quek/0/467/855'),(521,'SqWs5AEkp0','Usman','Rabbani','Greater New York City Area','Information Technology and Services','http://m.c.lnkd.licdn.com/mpr/mprx/0_fXI2TZWmMOkwM5isD64PTRwavZCQJ61sDQ0PTR4YEUnn6CXV_GRhfUuKUrGMs3-naFd-myQt1di2','http://www.linkedin.com/in/urabbani'),(522,'kJbLxXLQTi','Raj','Ramaswamy','San Francisco Bay Area','Internet','http://m.c.lnkd.licdn.com/mpr/mprx/0_hqAXN0hOh__RPJgAmr_RNyP-CQlc1y2ACzLUNylCgh5F24Rlu-3HVpLuuwAHKUDj3c1VUR_TokRU','http://www.linkedin.com/pub/raj-ramaswamy/2/4ab/3bb'),(523,'CbzK05yQ0c','Chatura','Randeniya','Sri Lanka','Law Practice','http://m.c.lnkd.licdn.com/mpr/mprx/0_459zxGp8TnxTZjqi4bc6xTIiS9ZCsYXiskGExTR-t1ut5V1_N_6JA37p_Z4gJMLfJQqIK6Lxx6sW','http://www.linkedin.com/pub/chatura-randeniya/4/6b9/a53'),(524,'gm-FBNV-7N','Chathura','Ratnayake','Sri Lanka','Capital Markets','http://m.c.lnkd.licdn.com/mpr/mprx/0_imOA6R0Z4I5zXGIMiHmG6Z7VswisXTIMT2om6ZaQ5mcERLpJ7eaje4seNL_5bQovGSpfd0r3DYzs','http://www.linkedin.com/pub/chathura-ratnayake/6/514/611'),(525,'ExTduvr3LU','Michel','Rbeiz','Greater Boston Area','Internet','http://m.c.lnkd.licdn.com/mpr/mprx/0_Fl0jZWl_JkgdxhUDLc7aZokKJiwMP_UDWzICZo__65xWuFuSwBfA9EcScaIQrks36tjiBSA53Ynm','http://www.linkedin.com/in/michelrbeiz'),(526,'42fnaT-0hD','Sachin','Rekhi','San Francisco Bay Area','Internet','http://m.c.lnkd.licdn.com/mpr/mprx/0_0hOv4Pe_I_KD9IH8lX0E4AexwLN29DW8g3oo4AdiNh8pdWYhP6aMnlgD5wq1voeuOipwcnB759aW','http://www.linkedin.com/in/sachinrekhi'),(527,'vaLEOdDFKR','Jules','Riego','NCR - National Capital Region, Philippines','Legal Services','http://m.c.lnkd.licdn.com/mpr/mprx/0_ncgMlQ_Tblwgrmkpq1yQlLvgwt7rtDzpqrW6lLP3NBUhSWGyVASv05Ff5pffAoqrBqxbYCDO5OpP','http://www.linkedin.com/pub/jules-riego/3/616/a29'),(528,'Wr1n7oc1DS','Sashank','Rishyasringa','Bengaluru Area, India','Financial Services','http://m.c.lnkd.licdn.com/mpr/mprx/0_uXLP60H0-eL5vnZza3Xh6gMGOw-QMzdzm8A26y4x3D6nQlOvhGzxepulrQtMV-HJSFFSdREbHYB9','http://www.linkedin.com/pub/sashank-rishyasringa/6/978/35a'),(529,'FLdhIgGqQ-','Danny','Roa','San Francisco Bay Area','Online Media','http://m.c.lnkd.licdn.com/mpr/mprx/0_6X3m4fxPK_pVczp8Q_GA4SOOt84czng8kQzA4ugmS52Fo-EhEGACn2d8yaZHnlyuFFiKcI7GBoWn','http://www.linkedin.com/in/dannyroa'),(530,'_YbfWpxv1a','Daron K.','Roberts','Cleveland/Akron, Ohio Area','Sports','http://m.c.lnkd.licdn.com/mpr/mprx/0_utI7Lykf9SqIOQ7qm14rL05hq2rEYQxqm90rL0XjIEXsTGeNhNR_wxK1V3KvjTY4SldloZV6iSdL','http://www.linkedin.com/pub/daron-k-roberts/7/49b/b51'),(531,'n5AsBrIsQ-','Scott','Roberts','San Francisco Bay Area','Internet','http://m.c.lnkd.licdn.com/mpr/mprx/0_VoW0f8IWM0fmHCqXVue8fieMUxVTokqX4mg8fisMkJalzhikn2M1T_aBvtsYW_zHRdw3hkeO30gf','http://www.linkedin.com/in/scotthroberts'),(532,'cUk7XWA35g','Jason','Robinson','San Francisco Bay Area','Internet','http://m.c.lnkd.licdn.com/mpr/mprx/0_TOAnqY_4739v_pWK3j-5qj_47Q-ZipHKiJLdqpTkK_6epZ0rD43ssyzETHtb8Rdy8j1eRUxL2dqc','http://www.linkedin.com/pub/jason-robinson/0/b72/388'),(533,'8758Yn0pSa','Diana','Robles','San Francisco Bay Area','Medical Practice','http://m.c.lnkd.licdn.com/mpr/mprx/0_Dr__gVc7gzretN12DzCKgZn7lN5WrNi27ABpgML7mllMfrquT9P71JlTxVLnPPGh21TgtORhNy-6','#'),(534,'XuOLQ1ONJ0','Leo','Rocco','San Francisco Bay Area','Computer Software','http://m.c.lnkd.licdn.com/mpr/mprx/0_C-W9Us_0eG3vjwZ28cZWUJ_xoFLJxHd2hKgWU4GxzTAd8uOuaqMVzZnlXo56pfHh_AwHNxpVAruc','http://www.linkedin.com/in/leorocco'),(535,'HtLPw4Al0G','A. Aser','Rodríguez','Greater New York City Area','Financial Services','http://m.c.lnkd.licdn.com/mpr/mprx/0_UiHHfFdpbyOiJDrHRhJBf5d3FxomUIrHJTpBf5Iy4sOYk7FecL4XTLxtdAEl42AXsho9hGMvfLql','http://www.linkedin.com/in/aserrodriguez'),(536,'-BPzkwlQ57','Thomas','Rolf','San Francisco Bay Area','Internet','http://m.c.lnkd.licdn.com/mpr/mprx/0_ukJ160ZCVWvwZ8dzaX486yVu4H-Q4iezmhDu6y4rFm6nFbxvhCd0epuO9LtMUXWJSbRDdRQksPZD','http://www.linkedin.com/in/thmsrolf'),(537,'kuTCWesTvs','Katie (Cook)','Romano','Austin, Texas Area','Education Management','http://m.c.lnkd.licdn.com/mpr/mprx/0_JE55fCIF3suhIY_kUWn9f3xHTMRhwZ_kUwlVf3JVYyfrNpNXvuvWTTSq7cU0HxCe4WbUhQwBArW3','http://www.linkedin.com/pub/katie-cook-romano/13/b15/58a'),(538,'Wjm1QtLI1j','Grant','Rose','San Francisco Bay Area','Internet','http://m.c.lnkd.licdn.com/mpr/mprx/0_oCf8SdH2Bg0kN5iEH8WxSE4yvZHIq5CEe_R0SEw2EOpRI3voQk0uio0GUveqBC_QITDYCDJaHh6m','http://www.linkedin.com/pub/grant-rose/2/627/839'),(539,'Is5hn3wGrP','Stuart','Russo','West Palm Beach, Florida Area','Venture Capital & Private Equity','http://m.c.lnkd.licdn.com/mpr/mprx/0_IyKoX76MimwL_xOnWZBJXD6z_uOW3xxnWOkvX2LbyooMORe9bs86EulWSTYnCZYsoxtqIwUH7NDS','http://www.linkedin.com/pub/stuart-russo/9/380/760'),(540,'zu5yzcT0V7','Guy','Ruttenberg','Greater Los Angeles Area','Law Practice','http://m.c.lnkd.licdn.com/mpr/mprx/0_y_g-sBwjckrh9CEaYQy3sqRGRb6un3EaO3WSszeCX3-yW5gmr5SOqvpuzEQPz6wGg8x2vtVc9ZLc','http://www.linkedin.com/in/guyruttenberg'),(541,'CMEqvOFr1X','Rahul','Sachdev','San Francisco Bay Area','Internet','http://m.c.lnkd.licdn.com/mpr/mprx/0_Z3_74Lwj15ma9txusiKy4bdOl8e7qNxu95Br4bW2m6yxIre2qFP_nFjGxSHKBPY8MGTlchRlqi_f','http://www.linkedin.com/in/rahulsachdev'),(542,'Y1EJTj-Rcu','Saugata','Saha','Greater New York City Area','Financial Services','http://m.c.lnkd.licdn.com/mpr/mprx/0_OEI5XqwXkWL-wf7spoWnXBdIXECGIE7syS0VXBsRR2n-qaZVtuRWEcazobGjeSmn0WdUIrXMBAgS','http://www.linkedin.com/in/ssaha'),(543,'RkkDgYpyeu','Satyen','Sangani','San Francisco Bay Area','Computer Software','http://m.c.lnkd.licdn.com/mpr/mprx/0_pCD07nMDZy93N8qWtL2u7qUD4x5DNQqWY5J87zwDFJljwGidKkj13v0i9tL-cTz5jTf38tvv6xS_','http://www.linkedin.com/in/ssangani'),(544,'lrh5LU4hSy','Jocelyn','Santosa','Sydney Area, Australia','Staffing and Recruiting','http://m.c.lnkd.licdn.com/mpr/mprx/0_ZPIPybG84cuGy8NaZB4uyLQi4qEfyQLaVA02yXkYFAY0_G-mqvRx-krK9sor0TXGMKdSP_9QA4no','http://www.linkedin.com/in/jocelynsantosa'),(545,'cX4dVjJEAE','Annabell','Satterfield','San Francisco Bay Area','Information Technology and Services','http://m.c.lnkd.licdn.com/mpr/mprx/0_OPQTE-NiAm1CYrukpBh-ElNa1HcmyvukyNtOElFO2DiY_AUXtvnSXAPrjQBl0tSe0Kkx59zHiJnX','http://www.linkedin.com/in/asatterfield'),(546,'btL-hyHmLF','Matthew G.','Saunders','Toronto, Canada Area','Management Consulting','http://m.c.lnkd.licdn.com/mpr/mprx/0_UciCehLPrDf8tnpbM1_le_XgtEVG-zSbJ9cje_92S7a-DlsFcA1m6iCGyXsjl-uwsq3ybXeXvU3L','http://www.linkedin.com/in/matthewgsaunders'),(547,'b-S24BVu-t','Paul','Sawaya','San Francisco Bay Area','Computer Software','http://m.c.lnkd.licdn.com/mpr/mprx/0_r4vDWn-LrHtOfl2WrVQtWzGWK75A7-gWtsTtWzlv7dl3KnEdyO53FvLUYCLa2zy5ARB1QtfJMrZh','http://www.linkedin.com/in/paulsawaya'),(548,'cw-1S5Z7iU','Rebecca','Schapiro','San Francisco Bay Area','Marketing and Advertising','http://m.c.lnkd.licdn.com/mpr/mprx/0_eMnW9w66a3dLaymxoO999HtLGXfLu00xoYC99HNqjFRzPUH0XxQ5ZehV2u7Vf4OPWsNBJ7QIV-Qh','http://www.linkedin.com/in/rebeccaschapiro'),(549,'zI5LYV8abO','Lee','Schindler','Greater Boston Area','Law Practice','http://m.c.lnkd.licdn.com/mpr/mprx/0_D5pUSRstQgibnHFo7LuXSZR0EY5Lnano7kHXSMZGvUlzWETET_2BiJ22krLVzdB62QO5CO6VHrbs','http://www.linkedin.com/in/leeschindler'),(550,'ocSRYj1DEs','Fred','Schnider','San Francisco Bay Area','Law Practice','http://m.c.lnkd.licdn.com/mpr/mprx/0_itf3qRt0vFXZthSp_-pYqMPKzQis-5SpTPRYqZG2o_cED3sy7N0Ds4nGRH_5lCurGlD0R0yi4Gp4','http://www.linkedin.com/in/fredschnider'),(551,'b9iwJhpvs6','Schuyler','Schouten','Greater New York City Area','International Affairs','http://m.c.lnkd.licdn.com/mpr/mprx/0_z0kCB31QKXsAfnDrvYvjB_8Vtk0ySnDrB4KjBCCsSGIut-VKMJNmJG9NyWx_al2pqpQyZLrqrbXB','http://www.linkedin.com/pub/schuyler-schouten/14/b8b/710'),(552,'xPWzJfjuSx','Mark','Searle','San Francisco Bay Area','Information Technology and Services','http://m.c.lnkd.licdn.com/mpr/mprx/0_fquK8jcyJpcb1hkqDtpf8xvOMUKQ15kqS1Zf8YqaQYkn23PN_-yyaO8hBzrMKC54acmm7J6X1UBQ','http://www.linkedin.com/in/marksearle'),(553,'D4iKYAdGXl','Dev','Sethi','San Francisco Bay Area','Online Media','http://m.c.lnkd.licdn.com/mpr/mprx/0_T_Ic9xa3d_vz4Ws1_THe9jfYdX-ZsoI1ik0e9pDY9C6e5mpPD5RRZyMKFdtbJDo088ddJU1e9Qoy','http://www.linkedin.com/pub/dev-sethi/5/18b/6b3'),(554,'hQfAqkV05N','Hiten','Shah','San Francisco Bay Area','Information Technology and Services','http://m.c.lnkd.licdn.com/mpr/mprx/0_dCvykoMhyW0EVlMUwLF7kW48puuE4-4Uw_TikeHriWZsFnfR5k5KoHyO-G2vUzJBHTBCwf94IZUN','http://www.linkedin.com/in/hnshah'),(555,'XSWX2I3YzM','Suken','Shah','San Francisco Bay Area','Venture Capital & Private Equity','No picture given','http://www.linkedin.com/pub/suken-shah/0/17b/496'),(556,'J_HWT96RFu','Matt','Shapiro','Greater New York City Area','Venture Capital & Private Equity','http://m.c.lnkd.licdn.com/mpr/mprx/0_0hOv4toAWCApneM80GYE4rZ-wLN29DW8g3oo4AdiNh8pdWYhP6aMnlgD5wq1voeuOipwcncBQM2W','http://www.linkedin.com/in/shapiroentrecensus'),(557,'ZumiGEhkIR','Eleonora','Sharef','Greater New York City Area','Human Resources','http://m.c.lnkd.licdn.com/mpr/mprx/0_459zxiJG7Km74YviVTLExTymSvZCsYXiV3GExTR-t1ut5V1_N_6JA37p_Z4gJMLfJQqIK6Lsy0sW','http://www.linkedin.com/in/eleonorasharef'),(558,'BX9QyOeQ13','Nidhi','Sharma','San Francisco Bay Area','Computer Software','http://m.c.lnkd.licdn.com/mpr/mprx/0_itf3qRrlvhqM-5SpSzaYqM8PzQis-5SpTPRYqZG2o_cED3sy7N0Ds4nGRH_5lCurGlD0R0pADFg4','http://www.linkedin.com/pub/nidhi-sharma/1a/ba4/a78'),(559,'jsrmOvmQnF','Tarun','Sharma','Bengaluru Area, India','Information Technology and Services','No picture given','http://www.linkedin.com/in/taruns'),(560,'Aj1fKVTymc','Vivek','Sharma','Greater Los Angeles Area','Internet','http://m.c.lnkd.licdn.com/mpr/mprx/0_iqpxyYCAMvPq1FNC3NDuyp_tUlcn1CzCT1Hhyj-GkciQ26GG7-2P-gQ2vyBWK5qmGcOTPsu27s83','http://www.linkedin.com/in/sharmavivek10'),(561,'-HZNZgLHmX','Jason','Shen','San Francisco Bay Area','Internet','http://m.c.lnkd.licdn.com/mpr/mprx/0_OPQTE-LOPehSKvDky-htElkY1acmyvukpAtOElFO2DiY_AUXtvnSXAPrjQBl0tSe0Kkx59JYyttX','http://www.linkedin.com/in/jasonshen'),(562,'IZx-D2dM-7','Justine','Shen','San Francisco Bay Area','Computer Software','http://m.c.lnkd.licdn.com/mpr/mprx/0_GNQk241_mZnXyy3d8zTR2sPgCUkNYJ3d89tR2UlggYKkTg9WmtneCRLPuzXwjOhLiBksipfIoTcu','http://www.linkedin.com/pub/justine-shen/1/257/9b4'),(563,'wDyHVjGK9C','Xuehua','Shen','San Francisco Bay Area','Computer Software','http://m.c.lnkd.licdn.com/mpr/mprx/0_IUM7SWLoUOSd7CtEwZdKSobdBYH57C1EWJSrSovveUpvK6XobgW_iE3UMres25-QoZUlCSFExSu4','http://www.linkedin.com/in/xuehuashen'),(564,'4yIhc691S-','Yang','Shen 沈杨','Beijing City, China','Automotive','http://m.c.lnkd.licdn.com/mpr/mprx/0_jOgiHrL9Boi3_ka6xRYrHtNsBdvfi3a600WyHPXke7T0p5JQl4SfQ1KEMXzr86fopjxjFqVbqQD-','http://www.linkedin.com/in/yangshen'),(565,'m0oFHRqfOH','Sureel','Sheth','Baltimore, Maryland Area','Venture Capital & Private Equity','http://m.c.lnkd.licdn.com/mpr/mprx/0_fl6WHRQ3TItQ1ROoDr3sHM9aTfLo0ZxoSn-9HZ5OYoAVhpeE_B95Q4Ar7T5zyxY6atXBF0cwJzcB','http://www.linkedin.com/pub/sureel-sheth/7/445/79a'),(566,'4Q3MSW_Qnl','Daniel','Shi','San Francisco Bay Area','Internet','http://m.c.lnkd.licdn.com/mpr/mprx/0_IyKoX7QV7mJwipxndjBJX29v_fOW3xxnWgkvX2LbyooMORe9bs86EulWSTYnCZYsoxtqIwBvCXJS','http://www.linkedin.com/in/danielshi'),(567,'QJtx0U7uer','Wen','Shi','Greater New York City Area','Pharmaceuticals','http://m.c.lnkd.licdn.com/mpr/mprx/0_lxZqPAKHonQy2fbPPUUwPtAvevPY2u6P1YuwPP3zBKbm1HA1jMe4j1vRQR1T7wFxKysoyq1T2FVQ','http://www.linkedin.com/in/wenshi'),(568,'S2CaN2YR48','Yurong (Wendy)','Shi','San Francisco Bay Area','Internet','http://m.c.lnkd.licdn.com/mpr/mprx/0__gnH4MA6C_tUfySuixBU4VPHCLkUf0pu3sCB4Rhqg6KwrUI2fUQXnUNVuSXku4j8CYN9cyYwVKIX','http://www.linkedin.com/pub/yurong-wendy-shi/6/a42/19a'),(569,'z_r3IlaeNI','Alex','Shih','San Francisco Bay Area','Internet','http://m.c.lnkd.licdn.com/mpr/mprx/0_DjKFeMBVfe_58MgIfUPNeVbViEbWCxSI7xkZeV5bp7PMgRswTR8I6sAWDXFn3ZuF2OtJbgU8PkLW','http://www.linkedin.com/in/alexshih'),(570,'oBLYx63wcQ','Andrew','Shin','Greater New York City Area','Information Technology and Services','http://m.c.lnkd.licdn.com/mpr/mprx/0_Y7bJr-J579FCQRN1ydkQrlJ4S-tfERN1pDPQrleZtNQ0vx_P-WBzYApn_0-rdpv0xu5F09ngK03-','http://www.linkedin.com/in/andrewkshin'),(571,'B80q3ofuWC','Roland','Siebelink','San Francisco Bay Area','Marketing and Advertising','http://m.c.lnkd.licdn.com/mpr/mprx/0_T8jL9VuTH6XMvf0xT_an9ZjrXX_4cumx_Xds9Mu3RCBHHHM0DQDdZJ4fodiFNw7P8_0RJOOZiQy3','http://www.linkedin.com/in/rsiebelink'),(572,'sDY2j7I0kC','Marshall','Silver','Greater New York City Area','Investment Management','http://m.c.lnkd.licdn.com/mpr/mprx/0_JhxB8kIxoREyqwFZULmk8FMKE4D29aQZU3wH8Fd_vjJpdEl4v67UabgSknS1vdbN4igW78cD_nIl','http://www.linkedin.com/pub/marshall-silver/2/a80/646'),(573,'1KLLDpXDPn','Daniel','Simhaee','Greater New York City Area','Management Consulting','No picture given','http://www.linkedin.com/pub/daniel-simhaee/4/480/474'),(574,'2C6nEL2Z3z','Michael','Simkovic','Greater New York City Area','Law Practice','http://m.c.lnkd.licdn.com/mpr/mprx/0_Lw2NlISJIzH45InpwDyIleOzIcf9LeFpbE4IlexHq-R6V2ryWSpZ0HI6LM7dQ76rXeaEYf3bm1lH','http://www.linkedin.com/pub/michael-simkovic/3/52b/b22'),(575,'yWQUiWX6fy','Matt','Simmons','Greater Chicago Area','Law Practice','http://m.c.lnkd.licdn.com/mpr/mprx/0_Dv0vDVQ_EsiErELwS-poDZbKHZ6LrfLw7NIoDMN_cg-zfw-ITPfM_JhS69QVPHXb2njwGO6GOkLV','http://www.linkedin.com/pub/matt-simmons/4/700/67a'),(576,'bpkPb9BFbl','Peter','Sims','San Francisco Bay Area','Publishing','http://m.c.lnkd.licdn.com/mpr/mprx/0_dCvyko48p2EIVqMUwiz_kWo3pEuE4-4Uw_TikeHriWZsFnfR5k5KoHyO-G2vUzJBHTBCwfn-dl7N','#'),(577,'e8P5kNuFwF','Himanshu','Singh','Greater New York City Area','Management Consulting','No picture given','http://www.linkedin.com/pub/himanshu-singh/8/117/66a'),(578,'W71x8Z6c3k','Rajan','Singh','Mumbai Area, India','E-Learning','http://m.c.lnkd.licdn.com/mpr/mprx/0_8D2tXJjMJmBRkkosaEESXsWVREGVkkwsG74DXs7wX79oUhyV2IpYEVR5zXCLF_EnTaauIjgxLF7p','http://www.linkedin.com/in/rajansingh96'),(579,'IXZ7nLJeLU','Vinod','Sirimalle','San Francisco Bay Area','Internet','http://m.c.lnkd.licdn.com/mpr/mprx/0_hqAXN0_CG_bRl0pAGPGBNg8lCLlc1y2ACzLUNylCgh5F24Rlu-3HVpLuuwAHKUDj3c1VUR_M5IfU','http://www.linkedin.com/in/vinodsirimalle'),(580,'feK6UkKw-E','Steve','Smith','West Palm Beach, Florida Area','Investment Management','http://m.c.lnkd.licdn.com/mpr/mprx/0_1C0R3cOgIJB1n2FUlL7e3NgrdR8yq7cUA5Ik3Nah94NuIIhRxkfc7qsaFPh_Be9B-TjLa1yTj5oa','http://www.linkedin.com/pub/steve-smith/3/a08/a26'),(581,'QMQtzPe8tv','Aaron','Sokoloff','Greater San Diego Area','Law Practice','No picture given','http://www.linkedin.com/pub/aaron-sokoloff/3/912/ba9'),(582,'LOiWSFeOmL','William (Cory)','Spence','Greater Chicago Area','Law Practice','http://m.c.lnkd.licdn.com/mpr/mprx/0_Rm-zuCwn7xOaHYLkUuKQuhdqSUUfXjkkM26EuhHQtY70RMPXBeGJG8ye_zRrbV5eVSrI_bV1qACd','http://www.linkedin.com/in/wcspence'),(583,'U9AvNJgaR1','Krishnan','Sridhar','San Francisco Bay Area','Computer Software','http://m.c.lnkd.licdn.com/mpr/mprx/0_e0hbvSc9Gbs5TUpPejKNvaNI850d342Po4q4vakwx8IJOyR1XJrwRmr5mIx9C0DxWpGMsWVsm2JQ','http://www.linkedin.com/in/krishnansridhar'),(584,'wjLW_sKuof','Suhil','Srinivas','San Francisco Bay Area','Financial Services','http://m.c.lnkd.licdn.com/mpr/mprx/0_V24ZqL4bw6g2oDUysERwqQS6IiaSoDUyZD2FqQEzq5VgzWupnoHNs6ORLamtWosKRfVQR3N-otcv','http://www.linkedin.com/in/suhilsrinivas'),(585,'nklN7R9tWN','Yellamraju','Srinivas','San Francisco Bay Area','Computer Software','http://m.c.lnkd.licdn.com/mpr/mprx/0_bIomhmgFvxwJeC3z5Ssgh2UbcgOqekAzL2OAh2pUHZoXBh6vIDVCmuevJ1YII_rJQHHKfwaYTRYm','http://www.linkedin.com/in/yellamrajusrinivas'),(586,'pgoJCSiqsW','Neeraj','Srivastava','San Francisco Bay Area','Management Consulting','http://m.c.lnkd.licdn.com/mpr/mprx/0_vJv4JCrXDQdASYUCcpQbJ3CnDhRASYVCcOTbJ3A9-Qf3tVDGJ05qBT54iDUaaMRmNVB69QiM-KCG','http://www.linkedin.com/pub/neeraj-srivastava/0/289/b'),(587,'fb5lK-kAHq','Sebastian','Stadil','San Francisco Bay Area','Information Technology and Services','http://m.c.lnkd.licdn.com/mpr/mprx/0_UBEYu6Ah4YMa1QQHUr2Tu59iZgoG0LcHJnY3u59ObZO-hTheclstGLCrn1EjyG9XsNe8_GeBENSb','http://www.linkedin.com/in/sstadil'),(588,'CaY2eEy1oV','Andrew','Stephens','San Francisco Bay Area','Internet','http://m.c.lnkd.licdn.com/mpr/mprx/0_vIGEzkyZ2GZKX4xYcS8vz6gnhhDlXUOYcW9zzFpE0LJTR0dOJD-QUbekamSmby0tNHhNV8aVTlXI','http://www.linkedin.com/in/andrewstephens'),(589,'rQxcFjTyo8','Daniel','Stephens','Greater New York City Area','Management Consulting','http://m.c.lnkd.licdn.com/mpr/mprx/0_2bYEOgIy5N8LBW_hC_MvO0Ht5nvbv2-haQEzO0VisvTBEeL88TmQKxmDwOzZ9I12DkyNAZk8rvJk','http://www.linkedin.com/pub/daniel-stephens/0/627/a99'),(590,'IlYX9nPgG4','Leor','Stern','San Francisco Bay Area','Internet','http://m.c.lnkd.licdn.com/mpr/mprx/0_bNwbMIh86iyUyag7d-E4MW9uQ_WNYw27drx4MWljM8gkTfRfItUwcdL1eIdwjuD_QBWMnafRjJg5','http://www.linkedin.com/in/leorstern'),(591,'NZKXXZPf6e','Crystal','Stonebreaker','San Francisco Bay Area','Staffing and Recruiting','http://m.c.lnkd.licdn.com/mpr/mprx/0_hTReA0EheKXIJE8A8hoUAgDDktlUJuAAGifcAy2tUq5w6H6lubIkxpZyExAkswrj3CJnOR-MS2QM','http://www.linkedin.com/in/crystalpredeek'),(592,'GGv-grIyVL','John','Strumbos','San Francisco Bay Area','Investment Banking','http://m.c.lnkd.licdn.com/mpr/mprx/0_uuv-7UoHg0ALwA6WuonT7JeFjM5owt6WawTS7Jd9GylVN9AdhE5O3Mg41cLzHvF5S7B28YBCvksq','http://www.linkedin.com/pub/john-strumbos/2/871/909'),(593,'STfrueeMso','Gail','Su','San Francisco Bay Area','Law Practice','http://m.c.lnkd.licdn.com/mpr/mprx/0_-OwaAziFc-cxfFAjKMEAABKFcA3YfFKjysxlABTZHBzmr_bgY4UGxcznJpTTuhlA1jWrOr0b33L7','http://www.linkedin.com/in/gailsu'),(594,'Mc4RGrP7rF','Anthony','Suen','San Francisco Bay Area','Information Technology and Services','http://m.c.lnkd.licdn.com/mpr/mprx/0_OEI5XqdF6IBDFd7sODUnXBWHXdCGIE7syH0VXBsRR2n-qaZVtuRWEcazobGjeSmn0WdUIrkDriUS','http://www.linkedin.com/in/anthonysuen'),(595,'SMiILSXh6N','Chris','Sun','San Francisco Bay Area','Computer Software','http://m.c.lnkd.licdn.com/mpr/mprx/0_txz5sKPb8CA-usmGtg6Vs-1HGXn020fGrZ3Vs-Cvj3Cf1U4COMLWqt9U2E9h74aaPycUvvpiPhD6','http://www.linkedin.com/pub/chris-sun/2/240/a39'),(596,'0pq5fUCEj6','Wendy Kai','Sung','San Francisco Bay Area','Legal Services','http://m.c.lnkd.licdn.com/mpr/mprx/0_3vxs_xllHO5N-SvzTqjd_pNPop-zraqz_twL_pt_zJ6LfEivSP7nDy6SXttoPdzJhngkuUhOFmh2','#'),(597,'CJIvSJJ0V-','Christian','Sutherland-Wong','San Francisco Bay Area','Internet','http://m.c.lnkd.licdn.com/mpr/mprx/0_u1nHTO6mhgkWj0AnGcXRTgzuCj-Ej0KnmBCBTyklgU6sGUb9hzQXfprxurtvY4lsSrN9mR9vm4-r','http://www.linkedin.com/in/csutherlandwong'),(598,'-KC_OR7tNn','Alexi','Suvacioglu','San Francisco Bay Area','Internet','http://m.c.lnkd.licdn.com/mpr/mprx/0_ljrrcPPbyT_thldAl037cr1NpklOC-dA1VX7crhbiT5agnOljRhpMKNW-oA33zHjKO-a4BYWhiWo','http://www.linkedin.com/in/suvacioglu'),(599,'1FGy6eHhTI','Keith Kiyoshi','Suzuka','Hawaiian Islands','Law Practice','http://m.c.lnkd.licdn.com/mpr/mprx/0_-ev3kqfHK2zPoq2RrfnYkB26Ku3tH-SRKoTYkBg977zCcnsUYm5Docd4YXTSwzuc1wB0wr7JOv8q','http://www.linkedin.com/pub/keith-kiyoshi-suzuka/64/a23/811'),(600,'S2wzwV2eUr','Jonathan','Swanson','San Francisco Bay Area','Internet','http://m.c.lnkd.licdn.com/mpr/mprx/0_Dr__gRQPP1Tdpc12DBipgMF-lN5WrNi27ABpgML7mllMfrquT9P71JlTxVLnPPGh21TgtOc5R4h6','http://www.linkedin.com/in/jonathanwswanson'),(601,'EuW3Na2NBS','Srinivasan','T','San Francisco Bay Area','Computer Software','http://m.c.lnkd.licdn.com/mpr/mprx/0_zR-8KkNJtNJyGBtYvUi1K6iJrqDrGlCYBM60KFPQftJhjzvOMjGuObFeOJSfTn_tq4rYx8TY-65K','http://www.linkedin.com/in/srinivt'),(602,'zN8kuRq9vq','Garry','Tan','San Francisco Bay Area','Venture Capital & Private Equity','http://m.c.lnkd.licdn.com/mpr/mprx/0_SLdsnYs2w6beJoJtD54LnpM_WGlkUWZtfGjLnpRpnk5NkD7-3iJn4y7-bfAU4mMYu6IkMULDP5o6','http://www.linkedin.com/in/garrytan'),(603,'iPZzH6jxI1','Stanley','Tan','Singapore','Management Consulting','http://m.c.lnkd.licdn.com/mpr/mprx/0_66VqgSDGI-EzZDFheGebgaY-IcMBsmQhkkawgfy-qlSb5ol8Eho417HpLVJeJWb2FL4oteaG_zRf','http://www.linkedin.com/pub/stanley-tan/0/837/79b'),(604,'2r4HxITzJ6','Mary','Tao','Orange County, California Area','Graphic Design','http://m.c.lnkd.licdn.com/mpr/mprx/0_5R4EH7l6QWDBaaaQIyeMHD9F6EZBaSOQIx2zHDrnJWubAdd6djHQQSkZHG4eSE0Ek4VNFEmWokgw','http://www.linkedin.com/pub/mary-tao/22/63a/869'),(605,'uHvwWjXjX9','Conway','Teng','San Francisco Bay Area','Internet','http://m.c.lnkd.licdn.com/mpr/mprx/0_xtJM_Nn7Hszuyf5Jg1HE_c6KHpCDOfvJjvD6_cbrcsnj3wCM1NdvDB1O6AG-gHNzYlRbuKzMidsu','http://www.linkedin.com/pub/conway-teng/2/390/593'),(606,'y9Lvuu5-hq','Allan','Teruel','San Francisco Bay Area','Venture Capital & Private Equity','http://m.c.lnkd.licdn.com/mpr/mprx/0_Dr__gRnYAKKIKNt2S-3ygM5rlN5WrNi27tBpgML7mllMfrquT9P71JlTxVLnPPGh21TgtOcNmEr6','http://www.linkedin.com/in/allanscu'),(607,'fJSjRItyQ6','Drea','Thomas','San Francisco Bay Area','Computer Software','http://m.c.lnkd.licdn.com/mpr/mprx/0_KMzyHBrogoryhP4orJ5fHzAdxu5K2P4o-Y3iHztv8Wl81cfEpxLKQv6UlGL77NJ6lscCFthuRA0N','http://www.linkedin.com/in/drdrea'),(608,'f0XMxw0L2A','Ben','Thorndike','Greater Boston Area','Capital Markets','http://m.c.lnkd.licdn.com/mpr/mprx/0_txz5sKtXCCL0ay0GrgqVs1TEGbn020fGpR3Vs-Cvj3Cf1U4COMLWqt9U2E9h74aaPycUvvyJjzZ6','http://www.linkedin.com/pub/ben-thorndike/1/5b6/678'),(609,'Etbn9cJPQ0','Maurice','Ticas','San Francisco Bay Area','Computer Software','http://m.c.lnkd.licdn.com/mpr/mprx/0_upscWJqFIfhwa7VdmgMkWsQddoXou7wdajmeWsLq9frVPIyWhVERFVlVFkkzfeELS0ZdQjRx5txk','http://www.linkedin.com/pub/maurice-ticas/18/a68/565'),(610,'Iii0yMs-iL','Chris','Todd','Greater Denver Area','Staffing and Recruiting','No picture given','http://www.linkedin.com/pub/chris-todd/1/40a/694'),(611,'xi5vDj-5X7','David','Topham','Provo, Utah Area','Venture Capital & Private Equity','No picture given','http://www.linkedin.com/pub/david-topham/38/19b/563'),(612,'aSFZkN4MfG','Bryan','Towe','Greater New York City Area','Investment Banking','No picture given','http://www.linkedin.com/pub/bryan-towe/0/408/a08'),(613,'2HsUjhQ-rX','David','Tran','San Francisco Bay Area','Computer Software','http://m.c.lnkd.licdn.com/mpr/mprx/0_UQF0ZCWCOhaGR1M3U5B2Z34fO8UGRn43JT18Zhsj357-X-fTc8c198a1raRjZlJDs5L3BbklU5PR','http://www.linkedin.com/in/davetran'),(614,'1nKJv4wdvO','William','Tran','San Francisco Bay Area','Internet','http://m.c.lnkd.licdn.com/mpr/mprx/0_pl4fen5mvot70k7wYrdpezTiBu6Sx3OwY12Kez61eW-g85dIKBHi6vtjMGQtp60bjtVAbt479emP','http://www.linkedin.com/in/willtran'),(615,'NfqjaxjgYp','Igor','Troshin','Moscow, Russian Federation','Investment Banking','No picture given','http://www.linkedin.com/pub/igor-troshin/2/883/18'),(616,'5LbPazryCq','Kevin','Truong','San Francisco Bay Area','Computer Software','No picture given','http://www.linkedin.com/pub/kevin-truong/17/a7a/173'),(617,'b9Exmu5VDg','Randal','Truong','San Francisco Bay Area','Internet','http://m.c.lnkd.licdn.com/mpr/mprx/0_FEYCEmy9nmWzbijk527lEDfRNwUvb8Dk5HEjE20Qwm75ZXVXwummXuwesLREXb2e6Wyy5w3v6bEG','http://www.linkedin.com/in/randaltruong'),(618,'QNcd-KNDqY','Edward','Tsai','San Francisco Bay Area','Venture Capital & Private Equity','http://m.c.lnkd.licdn.com/mpr/mprx/0_ndxXKTjsLrWlFmK-9mfRKifVFqpKbm8-qHwUKiY64AH8ZoBtVf7HO_oHdsy7XWTOBogVxk2NDOMd','http://www.linkedin.com/in/edwardstsai'),(619,'NwuY8T5dr3','Gemmy','Tsai','San Francisco Bay Area','Internet','http://m.c.lnkd.licdn.com/mpr/mprx/0_bvDvUeK0HXDUrfeuF-2EUoK1HCHNKEduLNJoUoAmcTpk7aO2IPjMzE586oew1SH8QnfwNSi4CbEZ','http://www.linkedin.com/in/gemmy'),(620,'XV-e1_CpgG','Jonathan','Tsai','San Francisco Bay Area','Computer Software','http://m.c.lnkd.licdn.com/mpr/mprx/0_V5_s-Le0hPWTNUqyZb8L-bsf2na394qyN3BL-QR71vVAdyipn_Pny67TGOmOv0zKRQTkj3d5mEnx','http://www.linkedin.com/in/jontsai'),(621,'9YC9OXcuzX','Alvin','Tse','Beijing City, China','Internet','http://m.c.lnkd.licdn.com/mpr/mprx/0_5KCgs7Al0CHJ1vICIcrCsDCu0TRUl9sCbqnGsD8uhFfwmtSGdntlqSqCAuUk-AUmkP8_vE-NoLGV','http://www.linkedin.com/in/atytse'),(622,'Y2nx8Wcub0','Ben','Tseitlin','San Francisco Bay Area','Internet','http://m.c.lnkd.licdn.com/mpr/mprx/0_Ow-uHnEBtmCGF-7opeC0Hzw4ruLG5lOoyu61HqVLfWA-szdEtSG8QNmIOG5j6n060ertFPkLvHJt','http://www.linkedin.com/in/ben118'),(623,'sEaGBi5ejv','Daniel','Tseng','Greater New York City Area','Investment Management','No picture given','http://www.linkedin.com/pub/daniel-tseng/8/9a3/656'),(624,'10SkHgve5h','Neill','Tseng','San Francisco Bay Area','Law Practice','http://m.c.lnkd.licdn.com/mpr/mprx/0_hC1YLgmOOaNMqKwqCLvSL0wKY2rRq1UqC_F3L0ShTdXIIBuNukitwxJaKCKXBqs43TA8oZ0e-kg9','#'),(625,'6MvEu8BInI','Harris','Tsim','San Francisco Bay Area','Computer Software','http://m.c.lnkd.licdn.com/mpr/mprx/0_ljrrct_cYGbPhlZAlJC_cr-cpFlOC-dA1pX7crhbiT5agnOljRhpMKNW-oA33zHjKO-a4BYYt-4o','http://www.linkedin.com/in/harris'),(626,'063P5M4crq','Deborah','Tsuchida','Greater New York City Area','Program Development','No picture given','http://www.linkedin.com/pub/deborah-tsuchida/3/638/380'),(627,'NVEDcyyyeU','Sam','Tyk samtyk@oakbrookus.com','Greater New York City Area','Staffing and Recruiting','No picture given','http://www.linkedin.com/pub/sam-tyk-samtyk-oakbrookus-com/0/241/66a'),(628,'n88cEZ16sy','Dana','Underwood','San Francisco Bay Area','E-Learning','http://m.c.lnkd.licdn.com/mpr/mprx/0_oivHPfu3T-wbJjT1ECcBPuRS3rOIUYr1HbTBPuIrOnoRkVFPQL5Xj2xOfjYq4MA0IhB9yIM99eBD','http://www.linkedin.com/in/danau'),(629,'3eB1GX3RTd','Janet','Upton','Beijing City, China','Nonprofit Organization Management','http://m.c.lnkd.licdn.com/mpr/mprx/0_O-y3pBB-BvG8Ah37OvxtpqXGzlLm1_37KneYpqbGotAY2F9ftquDtN12RJ5lKkh_0AY01Pvs-qWE','http://www.linkedin.com/in/janetupton'),(630,'OO7OiJ6MAm','Russell','Valdez','Greater New York City Area','Investment Management','No picture given','http://www.linkedin.com/pub/russell-valdez/2/42a/614'),(631,'34BlytmqMw','Ashwin','Vasan','Washington D.C. Metro Area','Government Administration','No picture given','http://www.linkedin.com/pub/ashwin-vasan/1/499/447'),(632,'oaPO3OXgXR','Lena','Vayn','San Francisco Bay Area','Internet','http://m.c.lnkd.licdn.com/mpr/mprx/0_RNyrI5qAUwpGt_ZIUnSiIFkPMewit_dIMve7I6qTQSx1SFOwBtup5Q87B6IpAkHFVBYaXTQTnna-','http://www.linkedin.com/in/lenavayn'),(633,'qyWFvnNQqF','Ram','Vemuri','San Francisco Bay Area','Computer Software','http://m.c.lnkd.licdn.com/mpr/mprx/0_9NypJGhpJLDPr5HCqzOfJTrTM_UAt_MCN9e_J8lTQQ73SFmGsturBhL7BDRaAkZmcBYG9FiPlkjA','http://www.linkedin.com/in/ramvem'),(634,'VA-EcachCC','Sonya','Venitelli','Syracuse, New York Area','Medical Practice','No picture given','http://www.linkedin.com/pub/sonya-venitelli/15/32/8a9'),(635,'s56lf3G-zm','Vijay','Venkatakrishnan','San Francisco Bay Area','Information Technology and Services','http://m.c.lnkd.licdn.com/mpr/mprx/0_sNXFMQ528LO8Ygp7ZnCNMXXS86W8OUS74vrZMLqyxigK30sf9tqIc58tmedxgyu_UB6JnC6BgHSr','http://www.linkedin.com/pub/vijay-venkatakrishnan/0/237/a5a'),(636,'VaxasoBLrO','Jyothy','Venkateswaran','San Francisco Bay Area','Information Technology and Services','http://m.c.lnkd.licdn.com/mpr/mprx/0_fxkuMY5oPL_5araifgvPMjbwP_NE29OiSYK1MjkJuL8s1td__MN8cgrcgmqv7A0fayQtnsn4hoXd','http://www.linkedin.com/in/jyothyv'),(637,'64JQGqMbKE','Rohan','Verma','San Francisco Bay Area','Internet','http://m.c.lnkd.licdn.com/mpr/mprx/0_GNQk241fCZ9sYy8dhzvR2UhSC4kNYJ3d8PtR2UlggYKkTg9WmtneCRLPuzXwjOhLiBksip_KXVku','http://www.linkedin.com/in/rverma21'),(638,'9xzfy5S7fz','Anna','Vital','San Francisco Bay Area','Venture Capital & Private Equity','http://m.c.lnkd.licdn.com/mpr/mprx/0_UZgaG66cRYVthCTVJ4ujG56bcy7CC3rVJxWlG5BFHVUtg5FscYSGuLidJlfg36A9sUxrDGdWaFk8','http://www.linkedin.com/pub/anna-vital/36/661/b95'),(639,'_d87Cy2AwE','Deyan','Vitanov','San Francisco Bay Area','Internet','http://m.c.lnkd.licdn.com/mpr/mprx/0_2AaKEUXgVIqQrGZHCqY_EJFtVH6w-beHa9VfEJ6uLm-UDixe8cOyXMtCqLQNl8WXD-2m5YNUPU2q','http://www.linkedin.com/in/deyan'),(640,'nnHhb_Iyhp','Tinh','Vy','San Francisco Bay Area','Financial Services','No picture given','http://www.linkedin.com/in/tinhvy'),(641,'wqYs5GBYqJ','Yu','WAKAE','Within 23 wards, Tokyo, Japan','Law Practice','No picture given','http://www.linkedin.com/in/wakae'),(642,'GpQog04sQt','Joseph','Walker','Greater New York City Area','Newspapers','http://m.c.lnkd.licdn.com/mpr/mprx/0_HiYZ1HeyHqZHUfBYe37F1wH-erDeBuBYEGEF1wI8BzJZeH8OkLmNgIxmQYSBqwntdhyQp2MTGilu','http://www.linkedin.com/in/walkerjoe'),(643,'koC1vTQ8eL','Elizabeth','Walker Sabet','Costa Rica','Management Consulting','http://m.c.lnkd.licdn.com/mpr/mprx/0_6H28iaa4q0EzLXGNQI00iSOJ9MgcLXGNXu40iugHd0WFV8zqEapuS2d64NjHQiiZFIaY2I7awLVI','http://www.linkedin.com/pub/elizabeth-walker-sabet/0/285/850'),(644,'JEDZ0lDFUY','Alex H.','Wang','San Francisco Bay Area','Real Estate','http://m.c.lnkd.licdn.com/mpr/mprx/0_bNwbMoPD6bOXyaS75KEqMeTTQ6WNYw275rx4MWljM8gkTfRfItUwcdL1eIdwjuD_QBWMna7Z4Co5','http://www.linkedin.com/in/alexhwang'),(645,'NV5crFdutT','ChenLi','Wang','San Francisco Bay Area','Internet','http://m.c.lnkd.licdn.com/mpr/mprx/0_UciCe3FYtexmtz2bMKXAe_6utEVG-zSbJvcje_92S7a-DlsFcA1m6iCGyXsjl-uwsq3ybXkETgCL','http://www.linkedin.com/in/chenliw'),(646,'umf6KKBGUl','Hui-Chuan','Wang','Taiwan','Law Practice','No picture given','http://www.linkedin.com/pub/hui-chuan-wang/3/947/5a'),(647,'uQhQWxF6tQ','Jackson','Wang','San Francisco Bay Area','Internet','http://m.c.lnkd.licdn.com/mpr/mprx/0_fXI2TZOizOz9R5tsT3oPTVwOvjCQJ61sSQ0PTR4YEUnn6CXV_GRhfUuKUrGMs3-naFd-myEnb4A2','http://www.linkedin.com/in/jacksonzwang'),(648,'P_6mjuup85','Jingwen','Wang','Greater New York City Area','Management Consulting','http://m.c.lnkd.licdn.com/mpr/mprx/0_jbmxXtH1Z2kuMQHnPhxhXrH04d-_vQMn0LshXrMfFo6PEGm9lTYPEKD39Tty9TZspkuTIBwbckBh','http://www.linkedin.com/in/jingwenwang'),(649,'UN9-_Cr0ma','Shawei','Wang','Greater New York City Area','Law Practice','No picture given','http://www.linkedin.com/pub/shawei-wang/1/20a/4'),(650,'XPU8YMT-81','Yanjun','Wang','Hong Kong','Law Practice','http://m.c.lnkd.licdn.com/mpr/mprx/0_9Nf_3bTK4Uxpr81U9ngr3X3PqR2A-LiUq9Rp3Ll2Ig43DTqRst0775LGV9ualGGBcBDgaC7-Qv3N','http://www.linkedin.com/pub/yanjun-wang/5b/18a/566'),(651,'kyezqcZoxr','Adam','Wang-Levine','Greater New York City Area','Financial Services','No picture given','http://www.linkedin.com/pub/adam-wang-levine/3/599/101'),(652,'R4sC5sAtLs','Kathleen','Warner','State College, Pennsylvania Area','Marketing and Advertising','http://m.c.lnkd.licdn.com/mpr/mprx/0_oivHPaEKTlHIUZT1kk1RPuDu3rOIUYr1HbTBPuIrOnoRkVFPQL5Xj2xOfjYq4MA0IhB9yIJGZwvD','http://www.linkedin.com/in/kathleenhwarner'),(653,'0-4heLBx2F','Rachel M.','Wasser','China','Nonprofit Organization Management','No picture given','http://www.linkedin.com/pub/rachel-m-wasser/2/931/3a1'),(654,'xha0kAUtV2','Nick','Weaver','San Francisco Bay Area','Venture Capital & Private Equity','http://m.c.lnkd.licdn.com/mpr/mprx/0_KMzyHBro0W8-hPWorJ97HzNzxu5K2P4o-R3iHztv8Wl81cfEpxLKQv6UlGL77NJ6lscCFt8lJA0N','http://www.linkedin.com/in/nsweaver'),(655,'EVGUqFEWym','Charley','Webb','London, United Kingdom','Management Consulting','No picture given','http://www.linkedin.com/pub/charley-webb/0/83b/269'),(656,'FXlSqMgWOT','David','Weber','Greater New York City Area','Architecture & Planning','http://m.c.lnkd.licdn.com/mpr/mprx/0_jbmxXt47s2b7cQWn0322Xrw04d-_vQMn08shXrMfFo6PEGm9lTYPEKD39Tty9TZspkuTIBwZBg9h','http://www.linkedin.com/in/davidwebernyc'),(657,'JNjk2zSafL','Mark','Weber','Greater Boston Area','Higher Education','http://m.c.lnkd.licdn.com/mpr/mprx/0_mv6VdJLChalIyO4eu-zddUca27FLy4Me2t-5dUNO1E1z_ymHGP99bRhrG3bV00Zk7nXX6p6SrCl1','http://www.linkedin.com/in/markweber123'),(658,'EeCPPHdPaE','Susan','Weber','San Francisco Bay Area','Performing Arts','http://m.c.lnkd.licdn.com/mpr/mprx/0_eyd5KunskvZWTdt-exM9KfNEXqyWSdi-oUjVKaLVRAeMtSqtXsJWOmlqospnaaGOWxIUxWcUpKib','http://www.linkedin.com/pub/susan-weber/1/a24/617'),(659,'404RZDcRxn','Matthew','Webster','San Francisco Bay Area','Venture Capital & Private Equity','http://m.c.lnkd.licdn.com/mpr/mprx/0_Pk_hAcpltqFgNqtgALk1ANpprN8AqqigA6BxANg2flN3IKqj0CP2xqdGOVhaB1GltbTOO17cf2WB','http://www.linkedin.com/pub/matthew-webster/6/120/550'),(660,'fiQOttsjM0','Helen','Wei','Greater New York City Area','Financial Services','http://m.c.lnkd.licdn.com/mpr/mprx/0_gnYATcQKz45ClhFVjcOmTNLrJR_GlhFV0qEmTvn86OB-mkrsAKmjfzGmcvij-F69yvyfm-eT7VdC','http://www.linkedin.com/in/weihelen'),(661,'ha4cfOYRJO','Brandon','Weiss','Greater Los Angeles Area','Law Practice','http://m.c.lnkd.licdn.com/mpr/mprx/0_9Nf_3Q11qsWp-81U9n2K3LnPqZ2A-LiUNvRp3Ll2Ig43DTqRst0775LGV9ualGGBcBDgaCfINj3N','http://www.linkedin.com/pub/brandon-weiss/0/b05/742'),(662,'hqbwgKKJAa','Enno-Burghard','Weitzel','Frankfurt Am Main Area, Germany','Banking','http://m.c.lnkd.licdn.com/mpr/mprx/0_ljrrcPbcybij8qJA1Jtfcr6VpklOC-dA1VX7crhbiT5agnOljRhpMKNW-oA33zHjKO-a4BYMnMxo','#'),(663,'VxTDhZwUTV','Rudy','Wen','San Francisco Bay Area','Wireless','http://m.c.lnkd.licdn.com/mpr/mprx/0_gyqUoPhX27PaDOILxjFeorvWuSqaSgsLxghXorQnPIhOtJS5AsXBkK-ZC8NAasUdyx95LBq63q47','http://www.linkedin.com/in/rudywen'),(664,'sPqwb5J15F','David','Wertime','Washington D.C. Metro Area','Internet','http://m.c.lnkd.licdn.com/mpr/mprx/0_eyd5KSqLQtIkDf1-EjHnKakIXqyWSdi-ogjVKaLVRAeMtSqtXsJWOmlqospnaaGOWxIUxWU-6dFb','http://www.linkedin.com/in/understanding'),(665,'_VoCOhF3Gv','Andy','Weyer','San Francisco Bay Area','Banking','http://m.c.lnkd.licdn.com/mpr/mprx/0_RSNOtCoeyAVGdnBAMWqTt3VdYKg7WK9AJd8TthWzT9Wxnq3lBwk-p8jRKgjKoBcjVmnhgbUwO2SA','http://www.linkedin.com/in/andyweyer'),(666,'pQRlnwIJYe','Matthew','White','San Francisco Bay Area','Research','http://m.c.lnkd.licdn.com/mpr/mprx/0_ZPIPybN7svxhO8LaVnW2yXCa4BEfyQLaVt02yXkYFAY0_G-mqvRx-krK9sor0TXGMKdSP_sFkBFo','http://www.linkedin.com/in/mwhitecv'),(667,'WYJNiPK8zk','Neil','White','West Palm Beach, Florida Area','Investment Management','http://m.c.lnkd.licdn.com/mpr/mprx/0_itf3qVTpBhrZ-_pp31pYqMtOzLis-5Sp3rRYqZG2o_cED3sy7N0Ds4nGRH_5lCurGlD0R0Kdcfx4','http://www.linkedin.com/pub/neil-white/3/65b/758'),(668,'I0cj-FswZp','Amelia','Wigton','San Francisco Bay Area','Venture Capital & Private Equity','http://m.c.lnkd.licdn.com/mpr/mprx/0_FJCU1mKcS174SVBtbR-e12NsfPgzTV9t5UnX12tErnWLYY3-w0tBgu6k3jjoGjcY6V85pw8L3CX7','http://www.linkedin.com/pub/amelia-wigton/7/79a/536'),(669,'dF3eKv5U_w','M. Jackson','Wilkinson','San Francisco Bay Area','Internet','http://m.c.lnkd.licdn.com/mpr/mprx/0_izp7YYrxUtKBPkP33AupYp33B1cnACP3TqHrYjtTe9iQa6kT712_rg67MgBWt5tDG9OllsurKLv-','http://www.linkedin.com/in/mjacksonw'),(670,'nv-4brb1nK','Sherry A.','William','United States','Law Practice','http://m.c.lnkd.licdn.com/mpr/mprx/0_FIUn3euXegxZHHLRFfEL3oxwoZSveSkRL77d3oxczOM5BdPUwDws7EIJXvDEIE5c6HMeaSSJXJL9','http://www.linkedin.com/pub/sherry-a-william/31/196/aa7'),(671,'weQRzsOhD1','Greg','Willsey','Greater Los Angeles Area','Consumer Goods','http://m.c.lnkd.licdn.com/mpr/mprx/0_6X3m4fpa-kanc1S8khlj4S2-t84czng8kQzA4ugmS52Fo-EhEGACn2d8yaZHnlyuFFiKcIi8ab7n','#'),(672,'gj1o_yxaPh','Nathan','Wilson','San Francisco Bay Area','Information Technology and Services','http://m.c.lnkd.licdn.com/mpr/mprx/0_459zxGU87qx8nj5i4QcoxTeGSvZCsYXisCGExTR-t1ut5V1_N_6JA37p_Z4gJMLfJQqIK6W7mTEW','http://www.linkedin.com/pub/nathan-wilson/20/134/312'),(673,'uYuEhM1tN4','Daniel','Wong','San Francisco Bay Area','Internet','http://m.c.lnkd.licdn.com/mpr/mprx/0_txz5sl8HCkK72sYGKU6ss-8LGXn020fGrZ3Vs-Cvj3Cf1U4COMLWqt9U2E9h74aaPycUvvr_zXd6','#'),(674,'4Nj0imWEu3','Darby','Wong','San Francisco Bay Area','Internet','http://m.c.lnkd.licdn.com/mpr/mprx/0_M3jGd3DY9wu2ZigXUTaAd_MpNosSN82XU5dgdCo3wumgwXRkzFDabGYfsFVtcbDHZG0p6LNIhse8','http://www.linkedin.com/in/darbywong'),(675,'K1uXLbc_gU','Jason','Wong','San Francisco Bay Area','Internet','http://m.c.lnkd.licdn.com/mpr/mprx/0_-OwaAz_Lv-QY7CKjKxIgABh5cA3YfFKjrsxlABTZHBzmr_bgY4UGxcznJpTTuhlA1jWrOr0-VHt7','http://www.linkedin.com/in/jasonmwong'),(676,'JMWezCx3Eq','Kristina','Wong','San Francisco Bay Area','Staffing and Recruiting','http://m.c.lnkd.licdn.com/mpr/mprx/0_Z3_74LHjghj0nNOusL8K4QV2lLe7qNxuVhBr4bW2m6yxIre2qFP_nFjGxSHKBPY8MGTlchRQs8-f','http://www.linkedin.com/pub/kristina-wong/3/549/b0'),(677,'OSSW-8h7oe','Leejone','Wong','Greater Los Angeles Area','Online Media','No picture given','http://www.linkedin.com/pub/leejone-wong/4/149/a88'),(678,'Z9B8YsWIhI','Michael Li-Ming','Wong','San Francisco Bay Area','Law Practice','http://m.c.lnkd.licdn.com/mpr/mprx/0_zdfeR_yEQXp-LdD3zmWURhyckCRKbdj3cSRcR3YoUXf8ZSoTMf0kvToXE7U7XapDqoDnqQhtPLOg','http://www.linkedin.com/in/michaellimingwong'),(679,'4LHZqyUkdo','Ricky','Wong','San Francisco Bay Area','Internet','http://m.c.lnkd.licdn.com/mpr/mprx/0_N0TLAL_NiBEPDR1jNZ3nAb8BTND03RCjnUvsAbCIY-JfOxvg4JldxF9L7MShCp_Avp_ROhKwgKKY','http://www.linkedin.com/in/hints'),(680,'_KGE0gAmKj','Robert','Wong','Greater Los Angeles Area','Internet','No picture given','http://www.linkedin.com/pub/robert-wong/0/580/b17'),(681,'Zg8YQoLEW-','Victor','Wong','San Francisco Bay Area','Internet','http://m.c.lnkd.licdn.com/mpr/mprx/0_CHQ4Y4Mku93zIsbDhe5IYUZFmKFzdJ9DhdtbYUO4l91L9g3SaanqrRE98gboEOc3_Ik6lp8Ec2z_','http://www.linkedin.com/in/victorkwong'),(682,'GM6gb3H--w','Bryan','Wong, CFA','San Francisco Bay Area','Investment Management','http://m.c.lnkd.licdn.com/mpr/mprx/0_OEI5XqRUX7NtFE7sYD4sXnRRXECGIE7syH0VXBsRR2n-qaZVtuRWEcazobGjeSmn0WdUIreXqjwS','http://www.linkedin.com/in/bryanwong'),(683,'UnzVpjMFLe','Elijah','Woolery','San Francisco Bay Area','Design','http://m.c.lnkd.licdn.com/mpr/mprx/0_LNotM7CfMbaqOFViLKe3MDl3RhZnYkwiF9ODMD-gXiuQThy_WtVYcSQPze4Wj_EfXBHunE2mE1X8','http://www.linkedin.com/in/elijahwoolery'),(684,'XWLGoBwjFv','Benjamin','Wu','Greater New York City Area','Investment Management','http://m.c.lnkd.licdn.com/mpr/mprx/0_TOAnqxTJ7hQVfpMK3ZT5qpi97Q-ZipHKiJLdqpTkK_6epZ0rD43ssyzETHtb8Rdy8j1eRUxAEHTc','http://www.linkedin.com/pub/benjamin-wu/1/11b/447'),(685,'m8EIT7HKv9','Dana','Wu','San Francisco Bay Area','Computer Software','http://m.c.lnkd.licdn.com/mpr/mprx/0_rVO-LK3MMdvpGCoqKyfDL1CqRorlh3oq-YoSL1KLXuXT05jNypaOwPXIzFKm_6I4AJp2oNCJJwfF','http://www.linkedin.com/in/danawu'),(686,'aM1cAHgC7v','Flora','Wu','Greater Boston Area','Venture Capital & Private Equity','http://m.c.lnkd.licdn.com/mpr/mprx/0_r9mLMBiOXXTg-u77tK79Mq-pX55lrEa7tAssMzKfRilTfaJfyrYdcvX3oeLmPSf_AzuRntmZzg1l','http://www.linkedin.com/in/florawu'),(687,'RZLQAo-6P-','Henry','Wu','San Francisco Bay Area','Computer Software','http://m.c.lnkd.licdn.com/mpr/mprx/0_eyd5KS_XHc7QDEi-HRMsKakFXByWSdi-E4jVKaLVRAeMtSqtXsJWOmlqospnaaGOWxIUxWBruaLb','http://www.linkedin.com/pub/henry-wu/1/297/436'),(688,'bgV2N_ZRps','Kevin Yihe','Wu','Greater New York City Area','Investment Management','http://m.c.lnkd.licdn.com/mpr/mprx/0_LNotMm_8MLxZtFwi5nEDMD8fR6ZnYkwibvODMD-gXiuQThy_WtVYcSQPze4Wj_EfXBHunE8JRvh8','http://www.linkedin.com/pub/kevin-yihe-wu/22/164/707'),(689,'EmwxztO3qF','Rick','Wu','Taiwan','Electrical/Electronic Manufacturing','http://m.c.lnkd.licdn.com/mpr/mprx/0_2AaKEs6j9W1X-XdHalu_EJ5gVH6w-beHavVfEJ6uLm-UDixe8cOyXMtCqLQNl8WXD-2m5YZJWQoq','http://www.linkedin.com/pub/rick-wu/18/754/45b'),(690,'IgTcaApU5u','William (Yining)','Wu','San Francisco Bay Area','Internet','http://m.c.lnkd.licdn.com/mpr/mprx/0_DjKFeMzMimhMmxSI_4h4eV6sidbWCxSIfMkZeV5bp7PMgRswTR8I6sAWDXFn3ZuF2OtJbgcqDmNW','http://www.linkedin.com/in/yiningwu'),(691,'0iyHTuQWvj','Yuan','Wu','Hong Kong','Banking','http://m.c.lnkd.licdn.com/mpr/mprx/0_T_Ic9xffw69JsWs1_QVH9pEYdb-ZsoI1i30e9pDY9C6e5mpPD5RRZyMKFdtbJDo088ddJU0pix2y','http://www.linkedin.com/pub/yuan-wu/2/874/7ba'),(692,'rxdOEnz34l','Joyce','Xu','Greater New York City Area','Law Practice','http://m.c.lnkd.licdn.com/mpr/mprx/0_fjdmjji5ZlhHaQ8TTJHjjYvsNtnoaLATSxjAjY5VwqCVAT63_RJCPOAqsx9zSGrSaOIK-JBG1A7s','http://www.linkedin.com/pub/joyce-xu/0/821/a8'),(693,'dYnsA6Fp4y','Liangjie (LJ)','Xue','San Francisco Bay Area','Internet','http://m.c.lnkd.licdn.com/mpr/mprx/0_7QQHyYV7hAkIRyACSCbRyjIuCqcbRJKCSbtByjsggciBXgbGi8nX-gaPuyBZZOlmm5k9PsXlFfbp','http://www.linkedin.com/in/ljxue'),(694,'ygc525v20q','Angela Yoonjeong','Yang','San Francisco Bay Area','Internet','http://m.c.lnkd.licdn.com/mpr/mprx/0_3rnHNp8-h_nUyJpliq6RNxLtC8rMy0pl_tCBNxi-g6XW_UIAS9QXV0BpuSKQ04jgh1N9U4gdViBa','http://www.linkedin.com/in/yoonjeong'),(695,'iscvw-IHdE','Holie','Yang','Greater Los Angeles Area','Internet','http://m.c.lnkd.licdn.com/mpr/mprx/0_2weeFgRFXSc5wuyBuIwRF0pekDrbWEjBmuycF0VJUHXBnaoc8SZkWxmcE_KZoSpUDeEnHZXSkmS8','http://www.linkedin.com/pub/holie-yang/1a/41/77'),(696,'ADHvFAKA80','Kevin','Yang','San Francisco Bay Area','Food & Beverages','http://m.c.lnkd.licdn.com/mpr/mprx/0_GNQk2Jr8CRlRpsAdGKhU2U3GCUkNYJ3d8vtR2UlggYKkTg9WmtneCRLPuzXwjOhLiBksipf05XAu','http://www.linkedin.com/in/yangkevin'),(697,'80QtK9YVkk','Michelle Mei Hsuan','Yang','Greater Seattle Area','Marketing and Advertising','http://m.c.lnkd.licdn.com/mpr/mprx/0_r9mLMniO6X1xtua7KBpsMzAOX55lrEa7-tssMzKfRilTfaJfyrYdcvX3oeLmPSf_AzuRntCaqfil','http://www.linkedin.com/in/mhyang'),(698,'uuWEkYlQIb','Sizhao','Yang','San Francisco Bay Area','Computer Software','http://m.c.lnkd.licdn.com/mpr/mprx/0_zVbmGhrbAjotutr9B4LlG_lwAy0rucl9BjPAGC1ZaMIhPPQnMpBCuGbn0-xffrKVqJ5KDLDIhfu1','http://www.linkedin.com/in/zaoyang'),(699,'yqAi6B1fwl','Tong (Bruce)','Yang','San Francisco Bay Area','Computer Software','http://m.c.lnkd.licdn.com/mpr/mprx/0_GNQk2J3mCjrBpsKdhlBB2U92CgkNYJ3d89tR2UlggYKkTg9WmtneCRLPuzXwjOhLiBksipf7abiu','http://www.linkedin.com/pub/tong-bruce-yang/17/30/89a'),(700,'TmSJ9hG12u','Ian','Yap','Greater Los Angeles Area','Computer Software','http://m.c.lnkd.licdn.com/mpr/mprx/0_gnYAT9r-z4khlhQVjvaGTvKjJZ_GlhFVx-EmTvn86OB-mkrsAKmjfzGmcvij-F69yvyfm-HuvaYC','http://www.linkedin.com/in/ianyap'),(701,'vHY_hU6840','Ricky','Yean','San Francisco Bay Area','Internet','http://m.c.lnkd.licdn.com/mpr/mprx/0_Z3_74Xm-l6xS9c7u4G1y4QVgl8e7qNxus5Br4bW2m6yxIre2qFP_nFjGxSHKBPY8MGTlchR-fSbf','http://www.linkedin.com/in/rickyyean'),(702,'jtbFoeHLuT','Chieh-Ting','Yeh','San Francisco Bay Area','Media Production','http://m.c.lnkd.licdn.com/mpr/mprx/0_I3FrdoM2gfOX4vWHWb5idWIaxooWZ9WHW617dWWj8uOMbtYebFcpbdj1lFEnRAeXoGLa6acZv-Wz','http://www.linkedin.com/pub/chieh-ting-yeh/21/954/523'),(703,'WFwCRUVeUG','Ethan','Yeh','San Francisco Bay Area','Internet','http://m.c.lnkd.licdn.com/mpr/mprx/0_NFyu8T7rzjRYn6CqN8708GggvOyPN_tq9he18GxTEZe_wF5N43u8aCI7U1puckP4vXYt75Sm7qyr','http://www.linkedin.com/pub/ethan-yeh/0/67b/b59'),(704,'TgF-hLsU8T','Max','Yeh','San Francisco Bay Area','Information Technology and Services','http://m.c.lnkd.licdn.com/mpr/mprx/0_JhxB85VyHVdhNHFZMbJX86ZYE4D29aQZU3wH8Fd_vjJpdEl4v67UabgSknS1vdbN4igW78BJXtfl','http://www.linkedin.com/pub/max-yeh/8/b4/33a'),(705,'KOseKjmndG','Yiaway','Yeh','Greater Nashville Area','Public Policy','http://m.c.lnkd.licdn.com/mpr/mprx/0_8GEYKg03Nt_ERin-C_UTKOOGZlrsJLc-G8Y3K0aObNXE6Tht2XstOxsrn0K5sG9OT3e8xZyq_JH1','http://www.linkedin.com/pub/yiaway-yeh/0/4a9/843'),(706,'NwWzJEFFo6','Gülin','Yilmaz','San Francisco Bay Area','Internet','http://m.c.lnkd.licdn.com/mpr/mprx/0_XGm9LHyjWE04vW4ZQF7WLEypWWDZvoWZQisWLwSfnuJeEmY4eXYVwIJ3bFSb9DeNL3uHo20f9MGC','http://www.linkedin.com/in/isilgulinyilmaz'),(707,'oQjvBWhVjA','Yanjing (Crystal)','Yin','San Francisco Bay Area','Internet','http://m.c.lnkd.licdn.com/mpr/mprx/0_OVJogBqFbzGS27i2pUMvgqcX5NLG2712yRDvgqnvsBA-1IXutpd61NGUwp5j7e-h0JRqtPXaoMv_','http://www.linkedin.com/in/crystalyin520'),(708,'h64YvHXDdk','Bernard','Yoo','Greater New York City Area','Online Media','http://m.c.lnkd.licdn.com/mpr/mprx/0_pCD07BUr40BuqiqWyig87qoD4x5DNQqWY5J87zwDFJljwGidKkj13v0i9tL-cTz5jTf38tMSyC2_','http://www.linkedin.com/in/bernardyoo'),(709,'J3bklCjfe2','Dan','Yoo','San Francisco Bay Area','Internet','http://m.c.lnkd.licdn.com/mpr/mprx/0_RSNOtCsoOcwm51bARI93thULY1g7WK9AMu8TthWzT9Wxnq3lBwk-p8jRKgjKoBcjVmnhgbB8UE7A','http://www.linkedin.com/in/danyoo'),(710,'CxuWIEM-ng','Eugene','Yoon','Greater New York City Area','Law Practice','No picture given','http://www.linkedin.com/pub/eugene-yoon/0/698/41'),(711,'Rmy15GgBZ8','Phillip','Yoon, CFA','San Francisco Bay Area','Investment Management','http://m.c.lnkd.licdn.com/mpr/mprx/0_FJCU17NoDz7M3MBtFY_k121ofrgzTV9t5OnX12tErnWLYY3-w0tBgu6k3jjoGjcY6V85pw81yul7','http://www.linkedin.com/pub/phillip-yoon-cfa/5/210/541'),(712,'dRc1gIsWxp','Diane','Young','Greater New York City Area','Law Practice','No picture given','http://www.linkedin.com/pub/diane-young/30/105/a65'),(713,'PkToeQds54','David','Yu','San Francisco Bay Area','Internet','http://m.c.lnkd.licdn.com/mpr/mprx/0_vrCZ-3PKmtW0KJ9rz--b-C6Km10grsBrctnF-C8flvISfO8KJ9tNyGq38OxCPgnpN18QjLti96gt','http://www.linkedin.com/pub/david-yu/0/47a/90b'),(714,'ErWTQRKpsm','Jonathan','Yu','San Francisco Bay Area','Internet','http://m.c.lnkd.licdn.com/mpr/mprx/0_y9lKklXgYD6utqHBOlc_k-QOpurhKlHBOc5fk1zCi7Xr7z0crrTyoPTu-XK01ndUgzPmwNFSnb9t','http://www.linkedin.com/in/jonathancyu'),(715,'dpnZFDdtfr','Katy','Yu','San Francisco Bay Area','Accounting','No picture given','http://www.linkedin.com/pub/katy-yu/2a/391/626'),(716,'meDtu6bPtz','Yan','Yu','San Francisco Bay Area','Computer Software','No picture given','http://www.linkedin.com/pub/yan-yu/4/b25/310'),(717,'7Lsv92-pmn','Andy','Yuan','San Francisco Bay Area','Financial Services','http://m.c.lnkd.licdn.com/mpr/mprx/0_3rnHNpTDCFzBp02l3q5cNYKaCirMy0pl_cCBNxi-g6XW_UIAS9QXV0BpuSKQ04jgh1N9U4lrGGba','http://www.linkedin.com/pub/andy-yuan/1/409/ab0'),(718,'Qwk_FQeUi-','LinYee','Yuan','Greater New York City Area','Writing and Editing','http://m.c.lnkd.licdn.com/mpr/mprx/0_y9lKklQ1Omzft-HBpBi_k1PgpErhKlHBON5fk1zCi7Xr7z0crrTyoPTu-XK01ndUgzPmwNblm-rt','http://www.linkedin.com/in/linyeeyuan'),(719,'wVsj9yuKNu','Jessica','Yuen','San Francisco Bay Area','Nonprofit Organization Management','http://m.c.lnkd.licdn.com/mpr/mprx/0_6X3m4aulYhfJvnS8k5hA4SOxt84czng8kQzA4ugmS52Fo-EhEGACn2d8yaZHnlyuFFiKcI78NJWn','http://www.linkedin.com/in/jessicayuen'),(720,'BDF8Ync7RW','Daniel','Zahler','Greater New York City Area','Venture Capital & Private Equity','http://m.c.lnkd.licdn.com/mpr/mprx/0_SLdZcMyhobBHRuIj7h4IcVR2eCTkUdRjfGjFcVRpBXvNkS2g3iJNMs7-Q73U4aVAu6IQ4g5nzUOl','http://www.linkedin.com/pub/daniel-zahler/2/1/64b'),(721,'BJkQMDx7kU','Simon','Zhang','San Francisco Bay Area','Internet','http://m.c.lnkd.licdn.com/mpr/mprx/0_utI7LyqSnfn5yLaquKHpL0z7q2rEYQxqar0rL0XjIEXsTGeNhNR_wxK1V3KvjTY4SldloZsWGgsL','http://www.linkedin.com/in/zhangsimon'),(722,'QB_nn6fgyK','Dacheng','Zhao','San Francisco Bay Area','Computer Software','http://m.c.lnkd.licdn.com/mpr/mprx/0_TOAnqx-kf69JixHKipTWqptB7L-ZipHKiJLdqpTkK_6epZ0rD43ssyzETHtb8Rdy8j1eRUxcqZrc','http://www.linkedin.com/in/dachengzhao'),(723,'kOTHjp-5_p','Stephanie','Ziesel','San Francisco Bay Area','Performing Arts','No picture given','http://www.linkedin.com/pub/stephanie-ziesel/5/813/230'),(724,'njpJqCXUxN','Kate','Zimmermann','San Francisco Bay Area','Internet','http://m.c.lnkd.licdn.com/mpr/mprx/0_fxkuMYCHlGTW2vai7yBPMjGwPhNE29OiSjK1MjkJuL8s1td__MN8cgrcgmqv7A0fayQtnsVkAprd','http://www.linkedin.com/in/katezimmermann'),(725,'pJl_j6dWqg','Andrew','Chen','San Francisco Bay Area','Internet','http://m.c.lnkd.licdn.com/mpr/mprx/0_ePvupfL_pt7wylCio1k0pS6ur-Zdp-tiEtT1pSkPfNuJin5_Xv58tDrgO049xzPfWKBt1on4FCsb','http://www.linkedin.com/in/andrewlchen'),(726,'_G-itFSDVS','Jane','Thirddegree','San Francisco Bay Area','Media Production','No picture given','http://www.linkedin.com/pub/jane-thirddegree/67/721/a13'),(727,'vnemRlPi0N','John','Thirddegree','San Francisco Bay Area','Staffing and Recruiting','No picture given','http://www.linkedin.com/pub/john-thirddegree/67/673/ab7');
/*!40000 ALTER TABLE `introkick_grid` ENABLE KEYS */;
UNLOCK TABLES;

--
-- Table structure for table `introkick_grid_connectors`
--

DROP TABLE IF EXISTS `introkick_grid_connectors`;
/*!40101 SET @saved_cs_client     = @@character_set_client */;
/*!40101 SET character_set_client = utf8 */;
CREATE TABLE `introkick_grid_connectors` (
  `id` int(11) NOT NULL AUTO_INCREMENT,
  `grid_id` int(11) NOT NULL,
  `user_id` int(11) NOT NULL,
  PRIMARY KEY (`id`),
  UNIQUE KEY `grid_id` (`grid_id`,`user_id`),
  KEY `introkick_grid_connectors_a17db085` (`grid_id`),
  KEY `introkick_grid_connectors_6340c63c` (`user_id`),
  CONSTRAINT `grid_id_refs_id_3eaa0c18` FOREIGN KEY (`grid_id`) REFERENCES `introkick_grid` (`id`),
  CONSTRAINT `user_id_refs_id_a1057573` FOREIGN KEY (`user_id`) REFERENCES `auth_user` (`id`)
) ENGINE=InnoDB AUTO_INCREMENT=728 DEFAULT CHARSET=utf8 COLLATE=utf8_unicode_ci;
/*!40101 SET character_set_client = @saved_cs_client */;

--
-- Dumping data for table `introkick_grid_connectors`
--

LOCK TABLES `introkick_grid_connectors` WRITE;
/*!40000 ALTER TABLE `introkick_grid_connectors` DISABLE KEYS */;
INSERT INTO `introkick_grid_connectors` VALUES (1,1,2),(2,2,2),(3,3,2),(4,4,2),(5,5,2),(6,6,2),(7,7,2),(8,8,2),(9,9,2),(10,10,2),(11,11,2),(12,12,2),(13,13,2),(14,14,2),(15,15,2),(16,16,2),(17,17,2),(18,18,2),(19,19,2),(20,20,2),(21,21,2),(22,22,2),(23,23,2),(24,24,2),(25,25,2),(26,26,2),(27,27,2),(28,28,2),(29,29,2),(30,30,2),(31,31,2),(32,32,2),(33,33,2),(34,34,2),(35,35,2),(36,36,2),(37,37,2),(38,38,2),(39,39,2),(40,40,2),(41,41,2),(42,42,2),(43,43,2),(44,44,2),(45,45,2),(46,46,2),(47,47,2),(48,48,2),(49,49,2),(50,50,2),(51,51,2),(52,52,2),(53,53,2),(54,54,2),(55,55,2),(56,56,2),(57,57,2),(58,58,2),(59,59,2),(60,60,2),(61,61,2),(62,62,2),(63,63,2),(64,64,2),(65,65,2),(66,66,2),(67,67,2),(68,68,2),(69,69,2),(70,70,2),(71,71,2),(72,72,2),(73,73,2),(74,74,2),(75,75,2),(76,76,2),(77,77,2),(78,78,2),(79,79,2),(80,80,2),(81,81,2),(82,82,2),(83,83,2),(84,84,2),(85,85,2),(86,86,2),(87,87,2),(88,88,2),(89,89,2),(90,90,2),(91,91,2),(92,92,2),(93,93,2),(94,94,2),(95,95,2),(96,96,2),(97,97,2),(98,98,2),(99,99,2),(100,100,2),(101,101,2),(102,102,2),(103,103,2),(104,104,2),(105,105,2),(106,106,2),(107,107,2),(108,108,2),(109,109,2),(110,110,2),(111,111,2),(112,112,2),(113,113,2),(114,114,2),(115,115,2),(116,116,2),(117,117,2),(118,118,2),(119,119,2),(120,120,2),(121,121,2),(122,122,2),(123,123,2),(124,124,2),(125,125,2),(126,126,2),(127,127,2),(128,128,2),(129,129,2),(130,130,2),(131,131,2),(132,132,2),(133,133,2),(134,134,2),(135,135,2),(136,136,2),(137,137,2),(138,138,2),(139,139,2),(140,140,2),(141,141,2),(142,142,2),(143,143,2),(144,144,2),(145,145,2),(146,146,2),(147,147,2),(148,148,2),(149,149,2),(150,150,2),(151,151,2),(152,152,2),(153,153,2),(154,154,2),(155,155,2),(156,156,2),(157,157,2),(158,158,2),(159,159,2),(160,160,2),(161,161,2),(162,162,2),(163,163,2),(164,164,2),(165,165,2),(166,166,2),(167,167,2),(168,168,2),(169,169,2),(170,170,2),(171,171,2),(172,172,2),(173,173,2),(174,174,2),(175,175,2),(176,176,2),(177,177,2),(178,178,2),(179,179,2),(180,180,2),(181,181,2),(182,182,2),(183,183,2),(184,184,2),(185,185,2),(186,186,2),(187,187,2),(188,188,2),(189,189,2),(190,190,2),(191,191,2),(192,192,2),(193,193,2),(194,194,2),(195,195,2),(196,196,2),(197,197,2),(198,198,2),(199,199,2),(200,200,2),(201,201,2),(202,202,2),(203,203,2),(204,204,2),(205,205,2),(206,206,2),(207,207,2),(208,208,2),(209,209,2),(210,210,2),(211,211,2),(212,212,2),(213,213,2),(214,214,2),(215,215,2),(216,216,2),(217,217,2),(218,218,2),(219,219,2),(220,220,2),(221,221,2),(222,222,2),(223,223,2),(224,224,2),(225,225,2),(226,226,2),(227,227,2),(228,228,2),(229,229,2),(230,230,2),(231,231,2),(232,232,2),(233,233,2),(234,234,2),(235,235,2),(236,236,2),(237,237,2),(238,238,2),(239,239,2),(240,240,2),(241,241,2),(242,242,2),(243,243,2),(244,244,2),(245,245,2),(246,246,2),(247,247,2),(248,248,2),(249,249,2),(250,250,2),(251,251,2),(252,252,2),(253,253,2),(254,254,2),(255,255,2),(256,256,2),(257,257,2),(258,258,2),(259,259,2),(260,260,2),(261,261,2),(262,262,2),(263,263,2),(264,264,2),(265,265,2),(266,266,2),(267,267,2),(268,268,2),(269,269,2),(270,270,2),(271,271,2),(272,272,2),(273,273,2),(274,274,2),(275,275,2),(276,276,2),(277,277,2),(278,278,2),(279,279,2),(280,280,2),(281,281,2),(282,282,2),(283,283,2),(284,284,2),(285,285,2),(286,286,2),(287,287,2),(288,288,2),(289,289,2),(290,290,2),(291,291,2),(292,292,2),(293,293,2),(294,294,2),(295,295,2),(296,296,2),(297,297,2),(298,298,2),(299,299,2),(300,300,2),(301,301,2),(302,302,2),(303,303,2),(304,304,2),(305,305,2),(306,306,2),(307,307,2),(308,308,2),(309,309,2),(310,310,2),(311,311,2),(312,312,2),(313,313,2),(314,314,2),(315,315,2),(316,316,2),(317,317,2),(318,318,2),(319,319,2),(320,320,2),(321,321,2),(322,322,2),(323,323,2),(324,324,2),(325,325,2),(326,326,2),(327,327,2),(328,328,2),(329,329,2),(330,330,2),(331,331,2),(332,332,2),(333,333,2),(334,334,2),(335,335,2),(336,336,2),(337,337,2),(338,338,2),(339,339,2),(340,340,2),(341,341,2),(342,342,2),(343,343,2),(344,344,2),(345,345,2),(346,346,2),(347,347,2),(348,348,2),(349,349,2),(350,350,2),(351,351,2),(352,352,2),(353,353,2),(354,354,2),(355,355,2),(356,356,2),(357,357,2),(358,358,2),(359,359,2),(360,360,2),(361,361,2),(362,362,2),(363,363,2),(364,364,2),(365,365,2),(366,366,2),(367,367,2),(368,368,2),(369,369,2),(370,370,2),(371,371,2),(372,372,2),(373,373,2),(374,374,2),(375,375,2),(376,376,2),(377,377,2),(378,378,2),(379,379,2),(380,380,2),(381,381,2),(382,382,2),(383,383,2),(384,384,2),(385,385,2),(386,386,2),(387,387,2),(388,388,2),(389,389,2),(390,390,2),(391,391,2),(392,392,2),(393,393,2),(394,394,2),(395,395,2),(396,396,2),(397,397,2),(398,398,2),(399,399,2),(400,400,2),(401,401,2),(402,402,2),(403,403,2),(404,404,2),(405,405,2),(406,406,2),(407,407,2),(408,408,2),(409,409,2),(410,410,2),(411,411,2),(412,412,2),(413,413,2),(414,414,2),(415,415,2),(416,416,2),(417,417,2),(418,418,2),(419,419,2),(420,420,2),(421,421,2),(422,422,2),(423,423,2),(424,424,2),(425,425,2),(426,426,2),(427,427,2),(428,428,2),(429,429,2),(430,430,2),(431,431,2),(432,432,2),(433,433,2),(434,434,2),(435,435,2),(436,436,2),(437,437,2),(438,438,2),(439,439,2),(440,440,2),(441,441,2),(442,442,2),(443,443,2),(444,444,2),(445,445,2),(446,446,2),(447,447,2),(448,448,2),(449,449,2),(450,450,2),(451,451,2),(452,452,2),(453,453,2),(454,454,2),(455,455,2),(456,456,2),(457,457,2),(458,458,2),(459,459,2),(460,460,2),(461,461,2),(462,462,2),(463,463,2),(464,464,2),(465,465,2),(466,466,2),(467,467,2),(468,468,2),(469,469,2),(470,470,2),(471,471,2),(472,472,2),(473,473,2),(474,474,2),(475,475,2),(476,476,2),(477,477,2),(478,478,2),(479,479,2),(480,480,2),(481,481,2),(482,482,2),(483,483,2),(484,484,2),(485,485,2),(486,486,2),(487,487,2),(488,488,2),(489,489,2),(490,490,2),(491,491,2),(492,492,2),(493,493,2),(494,494,2),(495,495,2),(496,496,2),(497,497,2),(498,498,2),(499,499,2),(500,500,2),(501,501,2),(502,502,2),(503,503,2),(504,504,2),(505,505,2),(506,506,2),(507,507,2),(508,508,2),(509,509,2),(510,510,2),(511,511,2),(512,512,2),(513,513,2),(514,514,2),(515,515,2),(516,516,2),(517,517,2),(518,518,2),(519,519,2),(520,520,2),(521,521,2),(522,522,2),(523,523,2),(524,524,2),(525,525,2),(526,526,2),(527,527,2),(528,528,2),(529,529,2),(530,530,2),(531,531,2),(532,532,2),(533,533,2),(534,534,2),(535,535,2),(536,536,2),(537,537,2),(538,538,2),(539,539,2),(540,540,2),(541,541,2),(542,542,2),(543,543,2),(544,544,2),(545,545,2),(546,546,2),(547,547,2),(548,548,2),(549,549,2),(550,550,2),(551,551,2),(552,552,2),(553,553,2),(554,554,2),(555,555,2),(556,556,2),(557,557,2),(558,558,2),(559,559,2),(560,560,2),(561,561,2),(562,562,2),(563,563,2),(564,564,2),(565,565,2),(566,566,2),(567,567,2),(568,568,2),(569,569,2),(570,570,2),(571,571,2),(572,572,2),(573,573,2),(574,574,2),(575,575,2),(576,576,2),(577,577,2),(578,578,2),(579,579,2),(580,580,2),(581,581,2),(582,582,2),(583,583,2),(584,584,2),(585,585,2),(586,586,2),(587,587,2),(588,588,2),(589,589,2),(590,590,2),(591,591,2),(592,592,2),(593,593,2),(594,594,2),(595,595,2),(596,596,2),(597,597,2),(598,598,2),(599,599,2),(600,600,2),(601,601,2),(602,602,2),(603,603,2),(604,604,2),(605,605,2),(606,606,2),(607,607,2),(608,608,2),(609,609,2),(610,610,2),(611,611,2),(612,612,2),(613,613,2),(614,614,2),(615,615,2),(616,616,2),(617,617,2),(618,618,2),(619,619,2),(620,620,2),(621,621,2),(622,622,2),(623,623,2),(624,624,2),(625,625,2),(626,626,2),(627,627,2),(628,628,2),(629,629,2),(630,630,2),(631,631,2),(632,632,2),(633,633,2),(634,634,2),(635,635,2),(636,636,2),(637,637,2),(638,638,2),(639,639,2),(640,640,2),(641,641,2),(642,642,2),(643,643,2),(644,644,2),(645,645,2),(646,646,2),(647,647,2),(648,648,2),(649,649,2),(650,650,2),(651,651,2),(652,652,2),(653,653,2),(654,654,2),(655,655,2),(656,656,2),(657,657,2),(658,658,2),(659,659,2),(660,660,2),(661,661,2),(662,662,2),(663,663,2),(664,664,2),(665,665,2),(666,666,2),(667,667,2),(668,668,2),(669,669,2),(670,670,2),(671,671,2),(672,672,2),(673,673,2),(674,674,2),(675,675,2),(676,676,2),(677,677,2),(678,678,2),(679,679,2),(680,680,2),(681,681,2),(682,682,2),(683,683,2),(684,684,2),(685,685,2),(686,686,2),(687,687,2),(688,688,2),(689,689,2),(690,690,2),(691,691,2),(692,692,2),(693,693,2),(694,694,2),(695,695,2),(696,696,2),(697,697,2),(698,698,2),(699,699,2),(700,700,2),(701,701,2),(702,702,2),(703,703,2),(704,704,2),(705,705,2),(706,706,2),(707,707,2),(708,708,2),(709,709,2),(710,710,2),(711,711,2),(712,712,2),(713,713,2),(714,714,2),(715,715,2),(716,716,2),(717,717,2),(718,718,2),(719,719,2),(720,720,2),(721,721,2),(722,722,2),(723,723,2),(724,724,2),(725,725,3),(726,726,3),(727,727,3);
/*!40000 ALTER TABLE `introkick_grid_connectors` ENABLE KEYS */;
UNLOCK TABLES;

--
-- Table structure for table `introkick_invitemid`
--

DROP TABLE IF EXISTS `introkick_invitemid`;
/*!40101 SET @saved_cs_client     = @@character_set_client */;
/*!40101 SET character_set_client = utf8 */;
CREATE TABLE `introkick_invitemid` (
  `id` int(11) NOT NULL AUTO_INCREMENT,
  `mid` varchar(20) COLLATE utf8_unicode_ci NOT NULL,
  `invite_count` int(11) NOT NULL,
  PRIMARY KEY (`id`),
  UNIQUE KEY `mid` (`mid`)
) ENGINE=InnoDB AUTO_INCREMENT=3 DEFAULT CHARSET=utf8 COLLATE=utf8_unicode_ci;
/*!40101 SET character_set_client = @saved_cs_client */;

--
-- Dumping data for table `introkick_invitemid`
--

LOCK TABLES `introkick_invitemid` WRITE;
/*!40000 ALTER TABLE `introkick_invitemid` DISABLE KEYS */;
INSERT INTO `introkick_invitemid` VALUES (1,'pJl_j6dWqg',0),(2,'TvePT1ZHIe',3);
/*!40000 ALTER TABLE `introkick_invitemid` ENABLE KEYS */;
UNLOCK TABLES;

--
-- Table structure for table `introkick_userprofile`
--

DROP TABLE IF EXISTS `introkick_userprofile`;
/*!40101 SET @saved_cs_client     = @@character_set_client */;
/*!40101 SET character_set_client = utf8 */;
CREATE TABLE `introkick_userprofile` (
  `id` int(11) NOT NULL AUTO_INCREMENT,
  `user_id` int(11) NOT NULL,
  `oauth_token` varchar(100) COLLATE utf8_unicode_ci NOT NULL,
  `oauth_secret` varchar(100) COLLATE utf8_unicode_ci NOT NULL,
  `login_count` int(11) NOT NULL,
  `paid` tinyint(1) NOT NULL,
  `subs_expiry` datetime NOT NULL,
  `user_url` varchar(255) COLLATE utf8_unicode_ci NOT NULL,
  `user_picture_url` varchar(255) COLLATE utf8_unicode_ci NOT NULL,
  PRIMARY KEY (`id`),
  UNIQUE KEY `user_id` (`user_id`),
  CONSTRAINT `user_id_refs_id_795af996` FOREIGN KEY (`user_id`) REFERENCES `auth_user` (`id`)
) ENGINE=InnoDB AUTO_INCREMENT=3 DEFAULT CHARSET=utf8 COLLATE=utf8_unicode_ci;
/*!40101 SET character_set_client = @saved_cs_client */;

--
-- Dumping data for table `introkick_userprofile`
--

LOCK TABLES `introkick_userprofile` WRITE;
/*!40000 ALTER TABLE `introkick_userprofile` DISABLE KEYS */;
INSERT INTO `introkick_userprofile` VALUES (1,2,'4586a455-c469-4ec4-add2-0432033b8b98','7b6cb1ac-dfa3-403b-97f0-a15a143fa7ac',0,0,'2013-07-16 08:38:19','http://www.linkedin.com/in/andrewlchen','http://m.c.lnkd.licdn.com/mpr/mprx/0_ePvupfL_pt7wylCio1k0pS6ur-Zdp-tiEtT1pSkPfNuJin5_Xv58tDrgO049xzPfWKBt1on4FCsb'),(2,3,'06444912-edac-40d1-97ec-b268bff6aab0','154c2b63-1025-4e8c-9e8c-5c9131380e7e',0,0,'2013-07-16 08:40:08','http://www.linkedin.com/pub/drew-chen/53/526/97','No picture given');
/*!40000 ALTER TABLE `introkick_userprofile` ENABLE KEYS */;
UNLOCK TABLES;

--
-- Table structure for table `paypal_ipn`
--

DROP TABLE IF EXISTS `paypal_ipn`;
/*!40101 SET @saved_cs_client     = @@character_set_client */;
/*!40101 SET character_set_client = utf8 */;
CREATE TABLE `paypal_ipn` (
  `id` int(11) NOT NULL AUTO_INCREMENT,
  `business` varchar(127) COLLATE utf8_unicode_ci NOT NULL,
  `charset` varchar(32) COLLATE utf8_unicode_ci NOT NULL,
  `custom` varchar(255) COLLATE utf8_unicode_ci NOT NULL,
  `notify_version` decimal(64,2) DEFAULT NULL,
  `parent_txn_id` varchar(19) COLLATE utf8_unicode_ci NOT NULL,
  `receiver_email` varchar(127) COLLATE utf8_unicode_ci NOT NULL,
  `receiver_id` varchar(127) COLLATE utf8_unicode_ci NOT NULL,
  `residence_country` varchar(2) COLLATE utf8_unicode_ci NOT NULL,
  `test_ipn` tinyint(1) NOT NULL,
  `txn_id` varchar(19) COLLATE utf8_unicode_ci NOT NULL,
  `txn_type` varchar(128) COLLATE utf8_unicode_ci NOT NULL,
  `verify_sign` varchar(255) COLLATE utf8_unicode_ci NOT NULL,
  `address_country` varchar(64) COLLATE utf8_unicode_ci NOT NULL,
  `address_city` varchar(40) COLLATE utf8_unicode_ci NOT NULL,
  `address_country_code` varchar(64) COLLATE utf8_unicode_ci NOT NULL,
  `address_name` varchar(128) COLLATE utf8_unicode_ci NOT NULL,
  `address_state` varchar(40) COLLATE utf8_unicode_ci NOT NULL,
  `address_status` varchar(11) COLLATE utf8_unicode_ci NOT NULL,
  `address_street` varchar(200) COLLATE utf8_unicode_ci NOT NULL,
  `address_zip` varchar(20) COLLATE utf8_unicode_ci NOT NULL,
  `contact_phone` varchar(20) COLLATE utf8_unicode_ci NOT NULL,
  `first_name` varchar(64) COLLATE utf8_unicode_ci NOT NULL,
  `last_name` varchar(64) COLLATE utf8_unicode_ci NOT NULL,
  `payer_business_name` varchar(127) COLLATE utf8_unicode_ci NOT NULL,
  `payer_email` varchar(127) COLLATE utf8_unicode_ci NOT NULL,
  `payer_id` varchar(13) COLLATE utf8_unicode_ci NOT NULL,
  `auth_amount` decimal(64,2) DEFAULT NULL,
  `auth_exp` varchar(28) COLLATE utf8_unicode_ci NOT NULL,
  `auth_id` varchar(19) COLLATE utf8_unicode_ci NOT NULL,
  `auth_status` varchar(9) COLLATE utf8_unicode_ci NOT NULL,
  `exchange_rate` decimal(64,16) DEFAULT NULL,
  `invoice` varchar(127) COLLATE utf8_unicode_ci NOT NULL,
  `item_name` varchar(127) COLLATE utf8_unicode_ci NOT NULL,
  `item_number` varchar(127) COLLATE utf8_unicode_ci NOT NULL,
  `mc_currency` varchar(32) COLLATE utf8_unicode_ci NOT NULL,
  `mc_fee` decimal(64,2) DEFAULT NULL,
  `mc_gross` decimal(64,2) DEFAULT NULL,
  `mc_handling` decimal(64,2) DEFAULT NULL,
  `mc_shipping` decimal(64,2) DEFAULT NULL,
  `memo` varchar(255) COLLATE utf8_unicode_ci NOT NULL,
  `num_cart_items` int(11) DEFAULT NULL,
  `option_name1` varchar(64) COLLATE utf8_unicode_ci NOT NULL,
  `option_name2` varchar(64) COLLATE utf8_unicode_ci NOT NULL,
  `payer_status` varchar(10) COLLATE utf8_unicode_ci NOT NULL,
  `payment_date` datetime DEFAULT NULL,
  `payment_gross` decimal(64,2) DEFAULT NULL,
  `payment_status` varchar(9) COLLATE utf8_unicode_ci NOT NULL,
  `payment_type` varchar(7) COLLATE utf8_unicode_ci NOT NULL,
  `pending_reason` varchar(14) COLLATE utf8_unicode_ci NOT NULL,
  `protection_eligibility` varchar(32) COLLATE utf8_unicode_ci NOT NULL,
  `quantity` int(11) DEFAULT NULL,
  `reason_code` varchar(15) COLLATE utf8_unicode_ci NOT NULL,
  `remaining_settle` decimal(64,2) DEFAULT NULL,
  `settle_amount` decimal(64,2) DEFAULT NULL,
  `settle_currency` varchar(32) COLLATE utf8_unicode_ci NOT NULL,
  `shipping` decimal(64,2) DEFAULT NULL,
  `shipping_method` varchar(255) COLLATE utf8_unicode_ci NOT NULL,
  `tax` decimal(64,2) DEFAULT NULL,
  `transaction_entity` varchar(7) COLLATE utf8_unicode_ci NOT NULL,
  `auction_buyer_id` varchar(64) COLLATE utf8_unicode_ci NOT NULL,
  `auction_closing_date` datetime DEFAULT NULL,
  `auction_multi_item` int(11) DEFAULT NULL,
  `for_auction` decimal(64,2) DEFAULT NULL,
  `amount` decimal(64,2) DEFAULT NULL,
  `amount_per_cycle` decimal(64,2) DEFAULT NULL,
  `initial_payment_amount` decimal(64,2) DEFAULT NULL,
  `next_payment_date` datetime DEFAULT NULL,
  `outstanding_balance` decimal(64,2) DEFAULT NULL,
  `payment_cycle` varchar(32) COLLATE utf8_unicode_ci NOT NULL,
  `period_type` varchar(32) COLLATE utf8_unicode_ci NOT NULL,
  `product_name` varchar(128) COLLATE utf8_unicode_ci NOT NULL,
  `product_type` varchar(128) COLLATE utf8_unicode_ci NOT NULL,
  `profile_status` varchar(32) COLLATE utf8_unicode_ci NOT NULL,
  `recurring_payment_id` varchar(128) COLLATE utf8_unicode_ci NOT NULL,
  `rp_invoice_id` varchar(127) COLLATE utf8_unicode_ci NOT NULL,
  `time_created` datetime DEFAULT NULL,
  `amount1` decimal(64,2) DEFAULT NULL,
  `amount2` decimal(64,2) DEFAULT NULL,
  `amount3` decimal(64,2) DEFAULT NULL,
  `mc_amount1` decimal(64,2) DEFAULT NULL,
  `mc_amount2` decimal(64,2) DEFAULT NULL,
  `mc_amount3` decimal(64,2) DEFAULT NULL,
  `password` varchar(24) COLLATE utf8_unicode_ci NOT NULL,
  `period1` varchar(32) COLLATE utf8_unicode_ci NOT NULL,
  `period2` varchar(32) COLLATE utf8_unicode_ci NOT NULL,
  `period3` varchar(32) COLLATE utf8_unicode_ci NOT NULL,
  `reattempt` varchar(1) COLLATE utf8_unicode_ci NOT NULL,
  `recur_times` int(11) DEFAULT NULL,
  `recurring` varchar(1) COLLATE utf8_unicode_ci NOT NULL,
  `retry_at` datetime DEFAULT NULL,
  `subscr_date` datetime DEFAULT NULL,
  `subscr_effective` datetime DEFAULT NULL,
  `subscr_id` varchar(19) COLLATE utf8_unicode_ci NOT NULL,
  `username` varchar(64) COLLATE utf8_unicode_ci NOT NULL,
  `case_creation_date` datetime DEFAULT NULL,
  `case_id` varchar(14) COLLATE utf8_unicode_ci NOT NULL,
  `case_type` varchar(24) COLLATE utf8_unicode_ci NOT NULL,
  `receipt_id` varchar(64) COLLATE utf8_unicode_ci NOT NULL,
  `currency_code` varchar(32) COLLATE utf8_unicode_ci NOT NULL,
  `handling_amount` decimal(64,2) DEFAULT NULL,
  `transaction_subject` varchar(255) COLLATE utf8_unicode_ci NOT NULL,
  `ipaddress` char(15) COLLATE utf8_unicode_ci NOT NULL,
  `flag` tinyint(1) NOT NULL,
  `flag_code` varchar(16) COLLATE utf8_unicode_ci NOT NULL,
  `flag_info` longtext COLLATE utf8_unicode_ci NOT NULL,
  `query` longtext COLLATE utf8_unicode_ci NOT NULL,
  `response` longtext COLLATE utf8_unicode_ci NOT NULL,
  `created_at` datetime NOT NULL,
  `updated_at` datetime NOT NULL,
  PRIMARY KEY (`id`)
) ENGINE=InnoDB DEFAULT CHARSET=utf8 COLLATE=utf8_unicode_ci;
/*!40101 SET character_set_client = @saved_cs_client */;

--
-- Dumping data for table `paypal_ipn`
--

LOCK TABLES `paypal_ipn` WRITE;
/*!40000 ALTER TABLE `paypal_ipn` DISABLE KEYS */;
/*!40000 ALTER TABLE `paypal_ipn` ENABLE KEYS */;
UNLOCK TABLES;

--
-- Table structure for table `paypal_pdt`
--

DROP TABLE IF EXISTS `paypal_pdt`;
/*!40101 SET @saved_cs_client     = @@character_set_client */;
/*!40101 SET character_set_client = utf8 */;
CREATE TABLE `paypal_pdt` (
  `id` int(11) NOT NULL AUTO_INCREMENT,
  `business` varchar(127) COLLATE utf8_unicode_ci NOT NULL,
  `charset` varchar(32) COLLATE utf8_unicode_ci NOT NULL,
  `custom` varchar(255) COLLATE utf8_unicode_ci NOT NULL,
  `notify_version` decimal(64,2) DEFAULT NULL,
  `parent_txn_id` varchar(19) COLLATE utf8_unicode_ci NOT NULL,
  `receiver_email` varchar(127) COLLATE utf8_unicode_ci NOT NULL,
  `receiver_id` varchar(127) COLLATE utf8_unicode_ci NOT NULL,
  `residence_country` varchar(2) COLLATE utf8_unicode_ci NOT NULL,
  `test_ipn` tinyint(1) NOT NULL,
  `txn_id` varchar(19) COLLATE utf8_unicode_ci NOT NULL,
  `txn_type` varchar(128) COLLATE utf8_unicode_ci NOT NULL,
  `verify_sign` varchar(255) COLLATE utf8_unicode_ci NOT NULL,
  `address_country` varchar(64) COLLATE utf8_unicode_ci NOT NULL,
  `address_city` varchar(40) COLLATE utf8_unicode_ci NOT NULL,
  `address_country_code` varchar(64) COLLATE utf8_unicode_ci NOT NULL,
  `address_name` varchar(128) COLLATE utf8_unicode_ci NOT NULL,
  `address_state` varchar(40) COLLATE utf8_unicode_ci NOT NULL,
  `address_status` varchar(11) COLLATE utf8_unicode_ci NOT NULL,
  `address_street` varchar(200) COLLATE utf8_unicode_ci NOT NULL,
  `address_zip` varchar(20) COLLATE utf8_unicode_ci NOT NULL,
  `contact_phone` varchar(20) COLLATE utf8_unicode_ci NOT NULL,
  `first_name` varchar(64) COLLATE utf8_unicode_ci NOT NULL,
  `last_name` varchar(64) COLLATE utf8_unicode_ci NOT NULL,
  `payer_business_name` varchar(127) COLLATE utf8_unicode_ci NOT NULL,
  `payer_email` varchar(127) COLLATE utf8_unicode_ci NOT NULL,
  `payer_id` varchar(13) COLLATE utf8_unicode_ci NOT NULL,
  `auth_amount` decimal(64,2) DEFAULT NULL,
  `auth_exp` varchar(28) COLLATE utf8_unicode_ci NOT NULL,
  `auth_id` varchar(19) COLLATE utf8_unicode_ci NOT NULL,
  `auth_status` varchar(9) COLLATE utf8_unicode_ci NOT NULL,
  `exchange_rate` decimal(64,16) DEFAULT NULL,
  `invoice` varchar(127) COLLATE utf8_unicode_ci NOT NULL,
  `item_name` varchar(127) COLLATE utf8_unicode_ci NOT NULL,
  `item_number` varchar(127) COLLATE utf8_unicode_ci NOT NULL,
  `mc_currency` varchar(32) COLLATE utf8_unicode_ci NOT NULL,
  `mc_fee` decimal(64,2) DEFAULT NULL,
  `mc_gross` decimal(64,2) DEFAULT NULL,
  `mc_handling` decimal(64,2) DEFAULT NULL,
  `mc_shipping` decimal(64,2) DEFAULT NULL,
  `memo` varchar(255) COLLATE utf8_unicode_ci NOT NULL,
  `num_cart_items` int(11) DEFAULT NULL,
  `option_name1` varchar(64) COLLATE utf8_unicode_ci NOT NULL,
  `option_name2` varchar(64) COLLATE utf8_unicode_ci NOT NULL,
  `payer_status` varchar(10) COLLATE utf8_unicode_ci NOT NULL,
  `payment_date` datetime DEFAULT NULL,
  `payment_gross` decimal(64,2) DEFAULT NULL,
  `payment_status` varchar(9) COLLATE utf8_unicode_ci NOT NULL,
  `payment_type` varchar(7) COLLATE utf8_unicode_ci NOT NULL,
  `pending_reason` varchar(14) COLLATE utf8_unicode_ci NOT NULL,
  `protection_eligibility` varchar(32) COLLATE utf8_unicode_ci NOT NULL,
  `quantity` int(11) DEFAULT NULL,
  `reason_code` varchar(15) COLLATE utf8_unicode_ci NOT NULL,
  `remaining_settle` decimal(64,2) DEFAULT NULL,
  `settle_amount` decimal(64,2) DEFAULT NULL,
  `settle_currency` varchar(32) COLLATE utf8_unicode_ci NOT NULL,
  `shipping` decimal(64,2) DEFAULT NULL,
  `shipping_method` varchar(255) COLLATE utf8_unicode_ci NOT NULL,
  `tax` decimal(64,2) DEFAULT NULL,
  `transaction_entity` varchar(7) COLLATE utf8_unicode_ci NOT NULL,
  `auction_buyer_id` varchar(64) COLLATE utf8_unicode_ci NOT NULL,
  `auction_closing_date` datetime DEFAULT NULL,
  `auction_multi_item` int(11) DEFAULT NULL,
  `for_auction` decimal(64,2) DEFAULT NULL,
  `amount` decimal(64,2) DEFAULT NULL,
  `amount_per_cycle` decimal(64,2) DEFAULT NULL,
  `initial_payment_amount` decimal(64,2) DEFAULT NULL,
  `next_payment_date` datetime DEFAULT NULL,
  `outstanding_balance` decimal(64,2) DEFAULT NULL,
  `payment_cycle` varchar(32) COLLATE utf8_unicode_ci NOT NULL,
  `period_type` varchar(32) COLLATE utf8_unicode_ci NOT NULL,
  `product_name` varchar(128) COLLATE utf8_unicode_ci NOT NULL,
  `product_type` varchar(128) COLLATE utf8_unicode_ci NOT NULL,
  `profile_status` varchar(32) COLLATE utf8_unicode_ci NOT NULL,
  `recurring_payment_id` varchar(128) COLLATE utf8_unicode_ci NOT NULL,
  `rp_invoice_id` varchar(127) COLLATE utf8_unicode_ci NOT NULL,
  `time_created` datetime DEFAULT NULL,
  `amount1` decimal(64,2) DEFAULT NULL,
  `amount2` decimal(64,2) DEFAULT NULL,
  `amount3` decimal(64,2) DEFAULT NULL,
  `mc_amount1` decimal(64,2) DEFAULT NULL,
  `mc_amount2` decimal(64,2) DEFAULT NULL,
  `mc_amount3` decimal(64,2) DEFAULT NULL,
  `password` varchar(24) COLLATE utf8_unicode_ci NOT NULL,
  `period1` varchar(32) COLLATE utf8_unicode_ci NOT NULL,
  `period2` varchar(32) COLLATE utf8_unicode_ci NOT NULL,
  `period3` varchar(32) COLLATE utf8_unicode_ci NOT NULL,
  `reattempt` varchar(1) COLLATE utf8_unicode_ci NOT NULL,
  `recur_times` int(11) DEFAULT NULL,
  `recurring` varchar(1) COLLATE utf8_unicode_ci NOT NULL,
  `retry_at` datetime DEFAULT NULL,
  `subscr_date` datetime DEFAULT NULL,
  `subscr_effective` datetime DEFAULT NULL,
  `subscr_id` varchar(19) COLLATE utf8_unicode_ci NOT NULL,
  `username` varchar(64) COLLATE utf8_unicode_ci NOT NULL,
  `case_creation_date` datetime DEFAULT NULL,
  `case_id` varchar(14) COLLATE utf8_unicode_ci NOT NULL,
  `case_type` varchar(24) COLLATE utf8_unicode_ci NOT NULL,
  `receipt_id` varchar(64) COLLATE utf8_unicode_ci NOT NULL,
  `currency_code` varchar(32) COLLATE utf8_unicode_ci NOT NULL,
  `handling_amount` decimal(64,2) DEFAULT NULL,
  `transaction_subject` varchar(255) COLLATE utf8_unicode_ci NOT NULL,
  `ipaddress` char(15) COLLATE utf8_unicode_ci NOT NULL,
  `flag` tinyint(1) NOT NULL,
  `flag_code` varchar(16) COLLATE utf8_unicode_ci NOT NULL,
  `flag_info` longtext COLLATE utf8_unicode_ci NOT NULL,
  `query` longtext COLLATE utf8_unicode_ci NOT NULL,
  `response` longtext COLLATE utf8_unicode_ci NOT NULL,
  `created_at` datetime NOT NULL,
  `updated_at` datetime NOT NULL,
  `amt` decimal(64,2) DEFAULT NULL,
  `cm` varchar(255) COLLATE utf8_unicode_ci NOT NULL,
  `sig` varchar(255) COLLATE utf8_unicode_ci NOT NULL,
  `tx` varchar(255) COLLATE utf8_unicode_ci NOT NULL,
  `st` varchar(32) COLLATE utf8_unicode_ci NOT NULL,
  PRIMARY KEY (`id`)
) ENGINE=InnoDB DEFAULT CHARSET=utf8 COLLATE=utf8_unicode_ci;
/*!40101 SET character_set_client = @saved_cs_client */;

--
-- Dumping data for table `paypal_pdt`
--

LOCK TABLES `paypal_pdt` WRITE;
/*!40000 ALTER TABLE `paypal_pdt` DISABLE KEYS */;
/*!40000 ALTER TABLE `paypal_pdt` ENABLE KEYS */;
UNLOCK TABLES;
/*!40103 SET TIME_ZONE=@OLD_TIME_ZONE */;

/*!40101 SET SQL_MODE=@OLD_SQL_MODE */;
/*!40014 SET FOREIGN_KEY_CHECKS=@OLD_FOREIGN_KEY_CHECKS */;
/*!40014 SET UNIQUE_CHECKS=@OLD_UNIQUE_CHECKS */;
/*!40101 SET CHARACTER_SET_CLIENT=@OLD_CHARACTER_SET_CLIENT */;
/*!40101 SET CHARACTER_SET_RESULTS=@OLD_CHARACTER_SET_RESULTS */;
/*!40101 SET COLLATION_CONNECTION=@OLD_COLLATION_CONNECTION */;
/*!40111 SET SQL_NOTES=@OLD_SQL_NOTES */;

-- Dump completed on 2013-07-02  1:54:08
